WIDTH=8;
DEPTH=8192;

ADDRESS_RADIX=DEC;
DATA_RADIX=HEX;

CONTENT BEGIN
    0 : 00;
    1 : 00;
    2 : 00;
    3 : 00;
    4 : 00;
    5 : 00;
    6 : 00;
    7 : 00;
    8 : 00;
    9 : 00;
    10 : 00;
    11 : 00;
    12 : 00;
    13 : 00;
    14 : 00;
    15 : 00;
    16 : 00;
    17 : 00;
    18 : 00;
    19 : 00;
    20 : 00;
    21 : 00;
    22 : 00;
    23 : 00;
    24 : 00;
    25 : 00;
    26 : 00;
    27 : 00;
    28 : 00;
    29 : 00;
    30 : 00;
    31 : 00;
    32 : 00;
    33 : 00;
    34 : 00;
    35 : 00;
    36 : FF;
    37 : FF;
    38 : FF;
    39 : FF;
    40 : 00;
    41 : FF;
    42 : FF;
    43 : DB;
    44 : 00;
    45 : 00;
    46 : 00;
    47 : 00;
    48 : 00;
    49 : 00;
    50 : 00;
    51 : FF;
    52 : FF;
    53 : FF;
    54 : FF;
    55 : FF;
    56 : 01;
    57 : FF;
    58 : FF;
    59 : DB;
    60 : B6;
    61 : 00;
    62 : 00;
    63 : 00;
    64 : 00;
    65 : 00;
    66 : FF;
    67 : FF;
    68 : FF;
    69 : FF;
    70 : FF;
    71 : FF;
    72 : 01;
    73 : FF;
    74 : FF;
    75 : DB;
    76 : DB;
    77 : B6;
    78 : 00;
    79 : 00;
    80 : 00;
    81 : 00;
    82 : FF;
    83 : FF;
    84 : 01;
    85 : 01;
    86 : FF;
    87 : FF;
    88 : 01;
    89 : FF;
    90 : 01;
    91 : 01;
    92 : DB;
    93 : B6;
    94 : 00;
    95 : 00;
    96 : 00;
    97 : 00;
    98 : FF;
    99 : 01;
    100 : 01;
    101 : C0;
    102 : FF;
    103 : FF;
    104 : C0;
    105 : DB;
    106 : C0;
    107 : 01;
    108 : 01;
    109 : B6;
    110 : 00;
    111 : 00;
    112 : 00;
    113 : 00;
    114 : FF;
    115 : 01;
    116 : A0;
    117 : 80;
    118 : FF;
    119 : FF;
    120 : 80;
    121 : DB;
    122 : 80;
    123 : A0;
    124 : 01;
    125 : B6;
    126 : 00;
    127 : 00;
    128 : 00;
    129 : 00;
    130 : FF;
    131 : 01;
    132 : 01;
    133 : 80;
    134 : FF;
    135 : DB;
    136 : 80;
    137 : DB;
    138 : 80;
    139 : 01;
    140 : 01;
    141 : B6;
    142 : 00;
    143 : 00;
    144 : 00;
    145 : 00;
    146 : FF;
    147 : 01;
    148 : 01;
    149 : 01;
    150 : DB;
    151 : 01;
    152 : 01;
    153 : DB;
    154 : 01;
    155 : 01;
    156 : 01;
    157 : B6;
    158 : 00;
    159 : 00;
    160 : 00;
    161 : 00;
    162 : 00;
    163 : FF;
    164 : FF;
    165 : FF;
    166 : 01;
    167 : 01;
    168 : 01;
    169 : 01;
    170 : DB;
    171 : B6;
    172 : B6;
    173 : 00;
    174 : 00;
    175 : 00;
    176 : 00;
    177 : 00;
    178 : 00;
    179 : 00;
    180 : FF;
    181 : FF;
    182 : 01;
    183 : 01;
    184 : 00;
    185 : 01;
    186 : DB;
    187 : B6;
    188 : 00;
    189 : 00;
    190 : 00;
    191 : 00;
    192 : 00;
    193 : 00;
    194 : 00;
    195 : 00;
    196 : FF;
    197 : FF;
    198 : DB;
    199 : DB;
    200 : 00;
    201 : DB;
    202 : B6;
    203 : B6;
    204 : 00;
    205 : 00;
    206 : 00;
    207 : 00;
    208 : 00;
    209 : 00;
    210 : 00;
    211 : 00;
    212 : B6;
    213 : 00;
    214 : B6;
    215 : 00;
    216 : 00;
    217 : B6;
    218 : 00;
    219 : B6;
    220 : 00;
    221 : 00;
    222 : 00;
    223 : 00;
    224 : 00;
    225 : 00;
    226 : 00;
    227 : 00;
    228 : 00;
    229 : 00;
    230 : 00;
    231 : 00;
    232 : 00;
    233 : 00;
    234 : 00;
    235 : 00;
    236 : 00;
    237 : 00;
    238 : 00;
    239 : 00;
    240 : 00;
    241 : 00;
    242 : 00;
    243 : 00;
    244 : 00;
    245 : 00;
    246 : 00;
    247 : 00;
    248 : 00;
    249 : 00;
    250 : 00;
    251 : 00;
    252 : 00;
    253 : 00;
    254 : 00;
    255 : 00;
    256 : 00;
    257 : 00;
    258 : 00;
    259 : 00;
    260 : 00;
    261 : 00;
    262 : 00;
    263 : 00;
    264 : 00;
    265 : 00;
    266 : 00;
    267 : 00;
    268 : 00;
    269 : 00;
    270 : 00;
    271 : 00;
    272 : 00;
    273 : 00;
    274 : 00;
    275 : 00;
    276 : 00;
    277 : 00;
    278 : 00;
    279 : 00;
    280 : 00;
    281 : 84;
    282 : 00;
    283 : 00;
    284 : 00;
    285 : 00;
    286 : 00;
    287 : 00;
    288 : 00;
    289 : 00;
    290 : 00;
    291 : 00;
    292 : 00;
    293 : 00;
    294 : 00;
    295 : 00;
    296 : 84;
    297 : 60;
    298 : 00;
    299 : 00;
    300 : 00;
    301 : 00;
    302 : 00;
    303 : 00;
    304 : 00;
    305 : 00;
    306 : 00;
    307 : 00;
    308 : 00;
    309 : 00;
    310 : 00;
    311 : 00;
    312 : 84;
    313 : 00;
    314 : 00;
    315 : 00;
    316 : 00;
    317 : 00;
    318 : 00;
    319 : 00;
    320 : 00;
    321 : 00;
    322 : 00;
    323 : 00;
    324 : 00;
    325 : 80;
    326 : 80;
    327 : 84;
    328 : 60;
    329 : 84;
    330 : 84;
    331 : 00;
    332 : 00;
    333 : 00;
    334 : 00;
    335 : 00;
    336 : 00;
    337 : 00;
    338 : 00;
    339 : 80;
    340 : A0;
    341 : C9;
    342 : A0;
    343 : 60;
    344 : 80;
    345 : A0;
    346 : A0;
    347 : 84;
    348 : 84;
    349 : 00;
    350 : 00;
    351 : 00;
    352 : 00;
    353 : 00;
    354 : 80;
    355 : A0;
    356 : A0;
    357 : C0;
    358 : C9;
    359 : C9;
    360 : C9;
    361 : C0;
    362 : A0;
    363 : A0;
    364 : 84;
    365 : 84;
    366 : 00;
    367 : 00;
    368 : 00;
    369 : 00;
    370 : 80;
    371 : A0;
    372 : A0;
    373 : A0;
    374 : A0;
    375 : A0;
    376 : A0;
    377 : A0;
    378 : A0;
    379 : A0;
    380 : A0;
    381 : 84;
    382 : 00;
    383 : 00;
    384 : 00;
    385 : 00;
    386 : 80;
    387 : A0;
    388 : A0;
    389 : A0;
    390 : A0;
    391 : A0;
    392 : A0;
    393 : A0;
    394 : A0;
    395 : A0;
    396 : A0;
    397 : 60;
    398 : 00;
    399 : 00;
    400 : 00;
    401 : 00;
    402 : 84;
    403 : A0;
    404 : A0;
    405 : A0;
    406 : A0;
    407 : A0;
    408 : A0;
    409 : A0;
    410 : A0;
    411 : A0;
    412 : A0;
    413 : 60;
    414 : 00;
    415 : 00;
    416 : 00;
    417 : 00;
    418 : 84;
    419 : A0;
    420 : A0;
    421 : A0;
    422 : A0;
    423 : A0;
    424 : A0;
    425 : A0;
    426 : A0;
    427 : A0;
    428 : A0;
    429 : 60;
    430 : 00;
    431 : 00;
    432 : 00;
    433 : 00;
    434 : 00;
    435 : 84;
    436 : A0;
    437 : A0;
    438 : A0;
    439 : A0;
    440 : A0;
    441 : A0;
    442 : A0;
    443 : A0;
    444 : 60;
    445 : 00;
    446 : 00;
    447 : 00;
    448 : 00;
    449 : 00;
    450 : 00;
    451 : 84;
    452 : 80;
    453 : A0;
    454 : A0;
    455 : A0;
    456 : A0;
    457 : A0;
    458 : A0;
    459 : 80;
    460 : 60;
    461 : 00;
    462 : 00;
    463 : 00;
    464 : 00;
    465 : 00;
    466 : 00;
    467 : 00;
    468 : 60;
    469 : 80;
    470 : A0;
    471 : 80;
    472 : 80;
    473 : A0;
    474 : 80;
    475 : 60;
    476 : 00;
    477 : 00;
    478 : 00;
    479 : 00;
    480 : 00;
    481 : 00;
    482 : 00;
    483 : 00;
    484 : 00;
    485 : 60;
    486 : 84;
    487 : 84;
    488 : 84;
    489 : 60;
    490 : 60;
    491 : 00;
    492 : 00;
    493 : 00;
    494 : 00;
    495 : 00;
    496 : 00;
    497 : 00;
    498 : 00;
    499 : 00;
    500 : 00;
    501 : 00;
    502 : 00;
    503 : 00;
    504 : 00;
    505 : 00;
    506 : 00;
    507 : 00;
    508 : 00;
    509 : 00;
    510 : 00;
    511 : 00;
    512 : 00;
    513 : 00;
    514 : 00;
    515 : 00;
    516 : 00;
    517 : 01;
    518 : 01;
    519 : 01;
    520 : 01;
    521 : 01;
    522 : 01;
    523 : 00;
    524 : 00;
    525 : 00;
    526 : 00;
    527 : 00;
    528 : 00;
    529 : 00;
    530 : 00;
    531 : 00;
    532 : 01;
    533 : FC;
    534 : FC;
    535 : FC;
    536 : FC;
    537 : FC;
    538 : FC;
    539 : 01;
    540 : 00;
    541 : 00;
    542 : 00;
    543 : 00;
    544 : 00;
    545 : 00;
    546 : 00;
    547 : 01;
    548 : FC;
    549 : FC;
    550 : FC;
    551 : FC;
    552 : FC;
    553 : FC;
    554 : FC;
    555 : FC;
    556 : 01;
    557 : 00;
    558 : 00;
    559 : 00;
    560 : 00;
    561 : 00;
    562 : 01;
    563 : 01;
    564 : E0;
    565 : E0;
    566 : E0;
    567 : E0;
    568 : E0;
    569 : E0;
    570 : E0;
    571 : E0;
    572 : 01;
    573 : 01;
    574 : 00;
    575 : 00;
    576 : 00;
    577 : 01;
    578 : FC;
    579 : FC;
    580 : FC;
    581 : FC;
    582 : FC;
    583 : FC;
    584 : FC;
    585 : FC;
    586 : FC;
    587 : FC;
    588 : FC;
    589 : FC;
    590 : 01;
    591 : 00;
    592 : 01;
    593 : FC;
    594 : FC;
    595 : F8;
    596 : 01;
    597 : 01;
    598 : 01;
    599 : 01;
    600 : 01;
    601 : 01;
    602 : 01;
    603 : 01;
    604 : F8;
    605 : FC;
    606 : FC;
    607 : 01;
    608 : 01;
    609 : FC;
    610 : F8;
    611 : 01;
    612 : FA;
    613 : 01;
    614 : 01;
    615 : FA;
    616 : FA;
    617 : 01;
    618 : 01;
    619 : 01;
    620 : 01;
    621 : F8;
    622 : FC;
    623 : 01;
    624 : 00;
    625 : 01;
    626 : F8;
    627 : 01;
    628 : 01;
    629 : FF;
    630 : FA;
    631 : 01;
    632 : 01;
    633 : FF;
    634 : 01;
    635 : 01;
    636 : 01;
    637 : F8;
    638 : 01;
    639 : 00;
    640 : 00;
    641 : 00;
    642 : 01;
    643 : 01;
    644 : 01;
    645 : FF;
    646 : FA;
    647 : FA;
    648 : 01;
    649 : FF;
    650 : FA;
    651 : 01;
    652 : 01;
    653 : 01;
    654 : 00;
    655 : 00;
    656 : 00;
    657 : 00;
    658 : 00;
    659 : 01;
    660 : FA;
    661 : FA;
    662 : FA;
    663 : FA;
    664 : FA;
    665 : FA;
    666 : FA;
    667 : 01;
    668 : 00;
    669 : 00;
    670 : 00;
    671 : 00;
    672 : 00;
    673 : 00;
    674 : 00;
    675 : 00;
    676 : 01;
    677 : FA;
    678 : FA;
    679 : FA;
    680 : FA;
    681 : FA;
    682 : E5;
    683 : 01;
    684 : 00;
    685 : 00;
    686 : 00;
    687 : 00;
    688 : 00;
    689 : 00;
    690 : 00;
    691 : 01;
    692 : E1;
    693 : FA;
    694 : FA;
    695 : FA;
    696 : E5;
    697 : E5;
    698 : E5;
    699 : E5;
    700 : 01;
    701 : 00;
    702 : 00;
    703 : 00;
    704 : 00;
    705 : 00;
    706 : 01;
    707 : FA;
    708 : E1;
    709 : F4;
    710 : F4;
    711 : F4;
    712 : E5;
    713 : 01;
    714 : FA;
    715 : FA;
    716 : 01;
    717 : 00;
    718 : 00;
    719 : 00;
    720 : 00;
    721 : 00;
    722 : 01;
    723 : FA;
    724 : 01;
    725 : 2A;
    726 : 2A;
    727 : 2A;
    728 : 2A;
    729 : 01;
    730 : FA;
    731 : FA;
    732 : 01;
    733 : 00;
    734 : 00;
    735 : 00;
    736 : 00;
    737 : 00;
    738 : 00;
    739 : 01;
    740 : 01;
    741 : 2B;
    742 : 01;
    743 : 01;
    744 : 2A;
    745 : 2A;
    746 : 01;
    747 : 01;
    748 : 00;
    749 : 00;
    750 : 00;
    751 : 00;
    752 : 00;
    753 : 00;
    754 : 00;
    755 : 00;
    756 : 01;
    757 : FA;
    758 : 01;
    759 : 00;
    760 : 01;
    761 : FA;
    762 : 01;
    763 : 00;
    764 : 00;
    765 : 00;
    766 : 00;
    767 : 00;
    768 : 00;
    769 : AD;
    770 : A9;
    771 : AC;
    772 : 2D;
    773 : 0B;
    774 : AD;
    775 : AD;
    776 : AD;
    777 : AD;
    778 : AD;
    779 : AD;
    780 : AD;
    781 : AD;
    782 : AD;
    783 : 00;
    784 : 64;
    785 : 89;
    786 : E5;
    787 : F8;
    788 : 1A;
    789 : 13;
    790 : 89;
    791 : 89;
    792 : 89;
    793 : 89;
    794 : 89;
    795 : 89;
    796 : 89;
    797 : 89;
    798 : 89;
    799 : 64;
    800 : 64;
    801 : 89;
    802 : E5;
    803 : F8;
    804 : 1A;
    805 : 13;
    806 : 89;
    807 : 89;
    808 : 89;
    809 : 89;
    810 : 89;
    811 : 89;
    812 : 89;
    813 : 89;
    814 : 89;
    815 : 64;
    816 : 64;
    817 : 89;
    818 : E5;
    819 : F8;
    820 : 1A;
    821 : 13;
    822 : 89;
    823 : 89;
    824 : 89;
    825 : 89;
    826 : 89;
    827 : 89;
    828 : 89;
    829 : 89;
    830 : 89;
    831 : 64;
    832 : 64;
    833 : 89;
    834 : E5;
    835 : F8;
    836 : 1A;
    837 : 13;
    838 : 89;
    839 : 89;
    840 : 89;
    841 : 89;
    842 : 89;
    843 : 89;
    844 : 89;
    845 : 89;
    846 : 89;
    847 : 64;
    848 : 64;
    849 : 89;
    850 : E5;
    851 : F8;
    852 : 1A;
    853 : 13;
    854 : FF;
    855 : FF;
    856 : FF;
    857 : FF;
    858 : 89;
    859 : 89;
    860 : 89;
    861 : 89;
    862 : 89;
    863 : 64;
    864 : 8D;
    865 : FF;
    866 : FF;
    867 : FF;
    868 : FF;
    869 : FF;
    870 : FF;
    871 : 04;
    872 : 04;
    873 : FF;
    874 : FF;
    875 : FF;
    876 : FF;
    877 : FF;
    878 : FF;
    879 : 8D;
    880 : 8D;
    881 : FF;
    882 : FF;
    883 : FF;
    884 : FF;
    885 : FF;
    886 : 04;
    887 : 04;
    888 : 04;
    889 : 04;
    890 : FF;
    891 : FF;
    892 : FF;
    893 : FF;
    894 : FF;
    895 : 8D;
    896 : 8D;
    897 : DA;
    898 : DA;
    899 : FF;
    900 : FF;
    901 : 04;
    902 : 04;
    903 : 04;
    904 : 04;
    905 : FF;
    906 : 04;
    907 : FF;
    908 : FF;
    909 : DA;
    910 : DA;
    911 : 8D;
    912 : 8D;
    913 : DA;
    914 : DA;
    915 : DA;
    916 : 92;
    917 : 04;
    918 : 04;
    919 : 04;
    920 : 04;
    921 : 04;
    922 : 04;
    923 : 92;
    924 : DA;
    925 : DA;
    926 : DA;
    927 : 8D;
    928 : 8D;
    929 : DA;
    930 : DA;
    931 : DA;
    932 : 92;
    933 : 92;
    934 : 04;
    935 : 04;
    936 : 04;
    937 : 04;
    938 : 92;
    939 : 92;
    940 : DA;
    941 : DA;
    942 : DA;
    943 : 8D;
    944 : 8D;
    945 : DA;
    946 : DA;
    947 : DA;
    948 : DA;
    949 : 92;
    950 : 92;
    951 : 04;
    952 : 04;
    953 : 92;
    954 : 92;
    955 : DA;
    956 : DA;
    957 : DA;
    958 : DA;
    959 : 8D;
    960 : 8D;
    961 : DA;
    962 : DA;
    963 : DA;
    964 : DA;
    965 : DA;
    966 : 92;
    967 : 92;
    968 : 92;
    969 : 92;
    970 : DA;
    971 : DA;
    972 : DA;
    973 : DA;
    974 : DA;
    975 : 8D;
    976 : 8D;
    977 : DA;
    978 : DA;
    979 : DA;
    980 : DA;
    981 : DA;
    982 : DA;
    983 : DA;
    984 : DA;
    985 : DA;
    986 : DA;
    987 : DA;
    988 : DA;
    989 : DA;
    990 : DA;
    991 : 8D;
    992 : 8D;
    993 : DA;
    994 : DA;
    995 : DA;
    996 : DA;
    997 : DA;
    998 : DA;
    999 : DA;
    1000 : DA;
    1001 : DA;
    1002 : DA;
    1003 : DA;
    1004 : DA;
    1005 : DA;
    1006 : DA;
    1007 : 8D;
    1008 : 00;
    1009 : 8D;
    1010 : 8D;
    1011 : 8D;
    1012 : 8D;
    1013 : 8D;
    1014 : 8D;
    1015 : 8D;
    1016 : 8D;
    1017 : 8D;
    1018 : 8D;
    1019 : 8D;
    1020 : 8D;
    1021 : 8D;
    1022 : 8D;
    1023 : 00;
    1024 : 00;
    1025 : 00;
    1026 : 00;
    1027 : 00;
    1028 : 01;
    1029 : 01;
    1030 : 01;
    1031 : 01;
    1032 : 01;
    1033 : 01;
    1034 : 01;
    1035 : 01;
    1036 : 00;
    1037 : 00;
    1038 : 00;
    1039 : 00;
    1040 : 00;
    1041 : 00;
    1042 : 00;
    1043 : 01;
    1044 : FC;
    1045 : FC;
    1046 : FC;
    1047 : FC;
    1048 : FC;
    1049 : FC;
    1050 : FC;
    1051 : FC;
    1052 : 01;
    1053 : 00;
    1054 : 00;
    1055 : 00;
    1056 : 00;
    1057 : 00;
    1058 : 01;
    1059 : FC;
    1060 : FC;
    1061 : FC;
    1062 : FC;
    1063 : FC;
    1064 : FC;
    1065 : FC;
    1066 : FC;
    1067 : FC;
    1068 : FC;
    1069 : 01;
    1070 : 00;
    1071 : 00;
    1072 : 00;
    1073 : 00;
    1074 : 01;
    1075 : FC;
    1076 : FC;
    1077 : FC;
    1078 : FC;
    1079 : FC;
    1080 : FC;
    1081 : FC;
    1082 : FC;
    1083 : FC;
    1084 : FC;
    1085 : 01;
    1086 : 00;
    1087 : 00;
    1088 : 00;
    1089 : 00;
    1090 : 01;
    1091 : FC;
    1092 : FC;
    1093 : FC;
    1094 : FC;
    1095 : FC;
    1096 : FC;
    1097 : FC;
    1098 : FC;
    1099 : FC;
    1100 : FC;
    1101 : 01;
    1102 : 00;
    1103 : 00;
    1104 : 00;
    1105 : 00;
    1106 : 01;
    1107 : FC;
    1108 : FC;
    1109 : FC;
    1110 : FC;
    1111 : FA;
    1112 : FC;
    1113 : FC;
    1114 : FC;
    1115 : FC;
    1116 : FC;
    1117 : 01;
    1118 : 00;
    1119 : 00;
    1120 : 00;
    1121 : 00;
    1122 : 01;
    1123 : FC;
    1124 : FC;
    1125 : FC;
    1126 : FC;
    1127 : FA;
    1128 : FC;
    1129 : FC;
    1130 : FC;
    1131 : FC;
    1132 : FC;
    1133 : 01;
    1134 : 00;
    1135 : 00;
    1136 : 00;
    1137 : 00;
    1138 : 01;
    1139 : FC;
    1140 : FC;
    1141 : FC;
    1142 : FC;
    1143 : 01;
    1144 : FF;
    1145 : FC;
    1146 : FC;
    1147 : FC;
    1148 : FC;
    1149 : 01;
    1150 : 00;
    1151 : 00;
    1152 : 00;
    1153 : 00;
    1154 : 00;
    1155 : 01;
    1156 : FA;
    1157 : FA;
    1158 : FA;
    1159 : 01;
    1160 : FF;
    1161 : FA;
    1162 : FC;
    1163 : FC;
    1164 : 01;
    1165 : 00;
    1166 : 00;
    1167 : 00;
    1168 : 00;
    1169 : 00;
    1170 : 00;
    1171 : 01;
    1172 : FA;
    1173 : FA;
    1174 : FA;
    1175 : FA;
    1176 : FA;
    1177 : FA;
    1178 : 01;
    1179 : 01;
    1180 : 00;
    1181 : 00;
    1182 : 00;
    1183 : 00;
    1184 : 00;
    1185 : 00;
    1186 : 00;
    1187 : 00;
    1188 : 01;
    1189 : 01;
    1190 : F0;
    1191 : F0;
    1192 : 01;
    1193 : 01;
    1194 : 01;
    1195 : 01;
    1196 : 00;
    1197 : 00;
    1198 : 00;
    1199 : 00;
    1200 : 00;
    1201 : 00;
    1202 : 00;
    1203 : 01;
    1204 : 01;
    1205 : 66;
    1206 : F0;
    1207 : F0;
    1208 : 66;
    1209 : 01;
    1210 : 67;
    1211 : 67;
    1212 : 01;
    1213 : 00;
    1214 : 00;
    1215 : 00;
    1216 : 00;
    1217 : 00;
    1218 : 01;
    1219 : 01;
    1220 : 01;
    1221 : 66;
    1222 : 66;
    1223 : 66;
    1224 : 66;
    1225 : 01;
    1226 : 6B;
    1227 : 6B;
    1228 : 01;
    1229 : 00;
    1230 : 00;
    1231 : 00;
    1232 : 00;
    1233 : 00;
    1234 : 01;
    1235 : FA;
    1236 : 01;
    1237 : 2A;
    1238 : 2A;
    1239 : 2A;
    1240 : 2A;
    1241 : 01;
    1242 : FA;
    1243 : FA;
    1244 : 01;
    1245 : 00;
    1246 : 00;
    1247 : 00;
    1248 : 00;
    1249 : 00;
    1250 : 00;
    1251 : 01;
    1252 : 01;
    1253 : 2A;
    1254 : 2A;
    1255 : 01;
    1256 : 2A;
    1257 : 2A;
    1258 : 01;
    1259 : 01;
    1260 : 00;
    1261 : 00;
    1262 : 00;
    1263 : 00;
    1264 : 00;
    1265 : 00;
    1266 : 00;
    1267 : 00;
    1268 : 01;
    1269 : 01;
    1270 : 01;
    1271 : 00;
    1272 : 01;
    1273 : 01;
    1274 : 01;
    1275 : 00;
    1276 : 00;
    1277 : 00;
    1278 : 00;
    1279 : 00;
    1280 : 00;
    1281 : 00;
    1282 : 00;
    1283 : 00;
    1284 : 00;
    1285 : 00;
    1286 : 00;
    1287 : 00;
    1288 : 00;
    1289 : 00;
    1290 : 00;
    1291 : 00;
    1292 : 00;
    1293 : 00;
    1294 : 00;
    1295 : 00;
    1296 : 00;
    1297 : 61;
    1298 : 61;
    1299 : 61;
    1300 : 61;
    1301 : 00;
    1302 : 00;
    1303 : 00;
    1304 : 00;
    1305 : 61;
    1306 : 61;
    1307 : 61;
    1308 : 61;
    1309 : 61;
    1310 : 61;
    1311 : 00;
    1312 : 00;
    1313 : 61;
    1314 : FF;
    1315 : FF;
    1316 : FF;
    1317 : 61;
    1318 : 61;
    1319 : 61;
    1320 : 61;
    1321 : E4;
    1322 : E4;
    1323 : E4;
    1324 : FF;
    1325 : FF;
    1326 : 61;
    1327 : 00;
    1328 : 00;
    1329 : 61;
    1330 : FF;
    1331 : FF;
    1332 : FF;
    1333 : 61;
    1334 : FF;
    1335 : FF;
    1336 : FF;
    1337 : E4;
    1338 : E4;
    1339 : E4;
    1340 : E4;
    1341 : FF;
    1342 : 61;
    1343 : 00;
    1344 : 00;
    1345 : 61;
    1346 : 61;
    1347 : FF;
    1348 : FF;
    1349 : 00;
    1350 : FF;
    1351 : FF;
    1352 : FF;
    1353 : FF;
    1354 : 61;
    1355 : E4;
    1356 : E4;
    1357 : E4;
    1358 : 61;
    1359 : 00;
    1360 : 00;
    1361 : 61;
    1362 : FF;
    1363 : FF;
    1364 : FF;
    1365 : FF;
    1366 : FF;
    1367 : FF;
    1368 : FF;
    1369 : FF;
    1370 : FF;
    1371 : E4;
    1372 : E4;
    1373 : E4;
    1374 : 61;
    1375 : 00;
    1376 : 00;
    1377 : 61;
    1378 : 61;
    1379 : 00;
    1380 : 61;
    1381 : FF;
    1382 : FF;
    1383 : FF;
    1384 : FF;
    1385 : FF;
    1386 : FF;
    1387 : 61;
    1388 : 00;
    1389 : 61;
    1390 : 61;
    1391 : 00;
    1392 : 00;
    1393 : 61;
    1394 : ED;
    1395 : ED;
    1396 : 61;
    1397 : FF;
    1398 : FF;
    1399 : 61;
    1400 : FF;
    1401 : 00;
    1402 : FF;
    1403 : 61;
    1404 : ED;
    1405 : ED;
    1406 : 61;
    1407 : 00;
    1408 : 61;
    1409 : FE;
    1410 : ED;
    1411 : ED;
    1412 : FF;
    1413 : FF;
    1414 : FF;
    1415 : 00;
    1416 : FF;
    1417 : FF;
    1418 : FF;
    1419 : 00;
    1420 : ED;
    1421 : ED;
    1422 : FE;
    1423 : 61;
    1424 : 61;
    1425 : 61;
    1426 : FE;
    1427 : FE;
    1428 : FE;
    1429 : FF;
    1430 : FF;
    1431 : FF;
    1432 : FF;
    1433 : FF;
    1434 : FF;
    1435 : FE;
    1436 : FE;
    1437 : FE;
    1438 : 61;
    1439 : 61;
    1440 : 00;
    1441 : 61;
    1442 : FE;
    1443 : FE;
    1444 : FE;
    1445 : BB;
    1446 : BB;
    1447 : BB;
    1448 : BB;
    1449 : BB;
    1450 : BB;
    1451 : FE;
    1452 : FE;
    1453 : FE;
    1454 : 61;
    1455 : 00;
    1456 : 00;
    1457 : 61;
    1458 : FE;
    1459 : FE;
    1460 : FE;
    1461 : BB;
    1462 : BB;
    1463 : BB;
    1464 : BB;
    1465 : BB;
    1466 : BB;
    1467 : FE;
    1468 : FE;
    1469 : FE;
    1470 : 61;
    1471 : 00;
    1472 : 00;
    1473 : 61;
    1474 : BB;
    1475 : BB;
    1476 : BB;
    1477 : BB;
    1478 : BB;
    1479 : BB;
    1480 : BB;
    1481 : BB;
    1482 : BB;
    1483 : BB;
    1484 : BB;
    1485 : BB;
    1486 : 61;
    1487 : 00;
    1488 : 00;
    1489 : 00;
    1490 : 61;
    1491 : BB;
    1492 : BB;
    1493 : BB;
    1494 : BB;
    1495 : 61;
    1496 : 61;
    1497 : BB;
    1498 : BB;
    1499 : BB;
    1500 : BB;
    1501 : 61;
    1502 : 00;
    1503 : 00;
    1504 : 00;
    1505 : 00;
    1506 : 00;
    1507 : 61;
    1508 : 61;
    1509 : 61;
    1510 : 61;
    1511 : 00;
    1512 : 00;
    1513 : 61;
    1514 : 61;
    1515 : 61;
    1516 : 61;
    1517 : 00;
    1518 : 00;
    1519 : 00;
    1520 : 00;
    1521 : 00;
    1522 : 00;
    1523 : 00;
    1524 : 00;
    1525 : 00;
    1526 : 00;
    1527 : 00;
    1528 : 00;
    1529 : 00;
    1530 : 00;
    1531 : 00;
    1532 : 00;
    1533 : 00;
    1534 : 00;
    1535 : 00;
    1536 : 00;
    1537 : 00;
    1538 : 00;
    1539 : 00;
    1540 : 00;
    1541 : 01;
    1542 : 01;
    1543 : 01;
    1544 : 01;
    1545 : 01;
    1546 : 01;
    1547 : 01;
    1548 : 00;
    1549 : 00;
    1550 : 00;
    1551 : 00;
    1552 : 00;
    1553 : 00;
    1554 : 00;
    1555 : 00;
    1556 : 01;
    1557 : 01;
    1558 : E0;
    1559 : E0;
    1560 : E0;
    1561 : E0;
    1562 : E0;
    1563 : 01;
    1564 : 01;
    1565 : 00;
    1566 : 00;
    1567 : 00;
    1568 : 00;
    1569 : 00;
    1570 : 00;
    1571 : 01;
    1572 : 01;
    1573 : E0;
    1574 : E0;
    1575 : E0;
    1576 : E0;
    1577 : E0;
    1578 : E0;
    1579 : E0;
    1580 : 01;
    1581 : 01;
    1582 : 00;
    1583 : 00;
    1584 : 00;
    1585 : 00;
    1586 : 01;
    1587 : 01;
    1588 : E0;
    1589 : E0;
    1590 : E0;
    1591 : E0;
    1592 : E0;
    1593 : E0;
    1594 : E0;
    1595 : E0;
    1596 : E0;
    1597 : 01;
    1598 : 00;
    1599 : 00;
    1600 : 00;
    1601 : 01;
    1602 : 01;
    1603 : 01;
    1604 : E0;
    1605 : E0;
    1606 : E0;
    1607 : E0;
    1608 : E0;
    1609 : FF;
    1610 : FF;
    1611 : FF;
    1612 : FF;
    1613 : 01;
    1614 : 01;
    1615 : 00;
    1616 : 01;
    1617 : 01;
    1618 : A0;
    1619 : 01;
    1620 : A0;
    1621 : E0;
    1622 : E0;
    1623 : E0;
    1624 : 9F;
    1625 : FF;
    1626 : FF;
    1627 : FF;
    1628 : FF;
    1629 : FF;
    1630 : 01;
    1631 : 00;
    1632 : 01;
    1633 : A0;
    1634 : A0;
    1635 : 01;
    1636 : A0;
    1637 : E0;
    1638 : E0;
    1639 : E0;
    1640 : 9F;
    1641 : 9F;
    1642 : FF;
    1643 : FF;
    1644 : FF;
    1645 : FF;
    1646 : 01;
    1647 : 00;
    1648 : 01;
    1649 : A0;
    1650 : 80;
    1651 : 01;
    1652 : A0;
    1653 : A0;
    1654 : E0;
    1655 : E0;
    1656 : E0;
    1657 : 9F;
    1658 : 9F;
    1659 : 9F;
    1660 : 9F;
    1661 : 01;
    1662 : 01;
    1663 : 00;
    1664 : 01;
    1665 : 80;
    1666 : 80;
    1667 : 01;
    1668 : A0;
    1669 : A0;
    1670 : E0;
    1671 : E0;
    1672 : E0;
    1673 : E0;
    1674 : E0;
    1675 : E0;
    1676 : E0;
    1677 : 01;
    1678 : 00;
    1679 : 00;
    1680 : 01;
    1681 : 80;
    1682 : 80;
    1683 : 01;
    1684 : A0;
    1685 : A0;
    1686 : A0;
    1687 : E0;
    1688 : E0;
    1689 : E0;
    1690 : E0;
    1691 : E0;
    1692 : E0;
    1693 : 01;
    1694 : 00;
    1695 : 00;
    1696 : 01;
    1697 : 01;
    1698 : 80;
    1699 : 01;
    1700 : 80;
    1701 : A0;
    1702 : A0;
    1703 : A0;
    1704 : E0;
    1705 : E0;
    1706 : E0;
    1707 : E0;
    1708 : E0;
    1709 : 01;
    1710 : 00;
    1711 : 00;
    1712 : 00;
    1713 : 01;
    1714 : 01;
    1715 : 01;
    1716 : 80;
    1717 : 80;
    1718 : A0;
    1719 : A0;
    1720 : A0;
    1721 : A0;
    1722 : E0;
    1723 : E0;
    1724 : E0;
    1725 : 01;
    1726 : 00;
    1727 : 00;
    1728 : 00;
    1729 : 00;
    1730 : 01;
    1731 : 01;
    1732 : 80;
    1733 : 80;
    1734 : 80;
    1735 : A0;
    1736 : 01;
    1737 : A0;
    1738 : A0;
    1739 : A0;
    1740 : E0;
    1741 : 01;
    1742 : 00;
    1743 : 00;
    1744 : 00;
    1745 : 00;
    1746 : 00;
    1747 : 01;
    1748 : 80;
    1749 : 80;
    1750 : 80;
    1751 : 80;
    1752 : 01;
    1753 : 80;
    1754 : 80;
    1755 : A0;
    1756 : A0;
    1757 : 01;
    1758 : 00;
    1759 : 00;
    1760 : 00;
    1761 : 00;
    1762 : 00;
    1763 : 01;
    1764 : 01;
    1765 : 80;
    1766 : 80;
    1767 : 01;
    1768 : 01;
    1769 : 01;
    1770 : 80;
    1771 : 80;
    1772 : 01;
    1773 : 01;
    1774 : 00;
    1775 : 00;
    1776 : 00;
    1777 : 00;
    1778 : 00;
    1779 : 00;
    1780 : 01;
    1781 : 01;
    1782 : 01;
    1783 : 01;
    1784 : 00;
    1785 : 01;
    1786 : 01;
    1787 : 01;
    1788 : 01;
    1789 : 00;
    1790 : 00;
    1791 : 00;
    1792 : 00;
    1793 : 00;
    1794 : 00;
    1795 : 00;
    1796 : 24;
    1797 : 24;
    1798 : 24;
    1799 : 24;
    1800 : 24;
    1801 : 24;
    1802 : 24;
    1803 : 24;
    1804 : 00;
    1805 : 00;
    1806 : 00;
    1807 : 00;
    1808 : 00;
    1809 : 00;
    1810 : 00;
    1811 : 24;
    1812 : 24;
    1813 : 24;
    1814 : 24;
    1815 : 24;
    1816 : 24;
    1817 : 24;
    1818 : 24;
    1819 : 24;
    1820 : 24;
    1821 : 00;
    1822 : 00;
    1823 : 00;
    1824 : 00;
    1825 : 00;
    1826 : 24;
    1827 : 24;
    1828 : 24;
    1829 : FF;
    1830 : FF;
    1831 : FF;
    1832 : FF;
    1833 : FF;
    1834 : FF;
    1835 : 24;
    1836 : 24;
    1837 : 24;
    1838 : 00;
    1839 : 00;
    1840 : 00;
    1841 : 00;
    1842 : 24;
    1843 : 24;
    1844 : FF;
    1845 : FF;
    1846 : FF;
    1847 : FF;
    1848 : FF;
    1849 : FF;
    1850 : FF;
    1851 : FF;
    1852 : 24;
    1853 : 24;
    1854 : 00;
    1855 : 00;
    1856 : 00;
    1857 : 00;
    1858 : 24;
    1859 : 24;
    1860 : FF;
    1861 : FF;
    1862 : FF;
    1863 : FF;
    1864 : FF;
    1865 : FF;
    1866 : FF;
    1867 : FF;
    1868 : 24;
    1869 : 24;
    1870 : 00;
    1871 : 00;
    1872 : 00;
    1873 : 00;
    1874 : 24;
    1875 : 24;
    1876 : FF;
    1877 : FF;
    1878 : FF;
    1879 : FF;
    1880 : FF;
    1881 : FF;
    1882 : FF;
    1883 : FF;
    1884 : 24;
    1885 : 24;
    1886 : 00;
    1887 : 00;
    1888 : 00;
    1889 : 00;
    1890 : 24;
    1891 : 24;
    1892 : FF;
    1893 : FF;
    1894 : 24;
    1895 : FF;
    1896 : FF;
    1897 : 24;
    1898 : FF;
    1899 : FF;
    1900 : 24;
    1901 : 24;
    1902 : 00;
    1903 : 00;
    1904 : 00;
    1905 : 00;
    1906 : 24;
    1907 : 24;
    1908 : FF;
    1909 : FF;
    1910 : FF;
    1911 : FF;
    1912 : FF;
    1913 : FF;
    1914 : FF;
    1915 : FF;
    1916 : 24;
    1917 : 24;
    1918 : 00;
    1919 : 00;
    1920 : 00;
    1921 : 00;
    1922 : 24;
    1923 : 24;
    1924 : 24;
    1925 : FF;
    1926 : FF;
    1927 : F0;
    1928 : F0;
    1929 : FF;
    1930 : FF;
    1931 : 24;
    1932 : 24;
    1933 : 24;
    1934 : 00;
    1935 : 00;
    1936 : 00;
    1937 : 24;
    1938 : 24;
    1939 : 24;
    1940 : FF;
    1941 : DF;
    1942 : DF;
    1943 : F0;
    1944 : F0;
    1945 : DF;
    1946 : DF;
    1947 : FF;
    1948 : 24;
    1949 : 24;
    1950 : 24;
    1951 : 00;
    1952 : 00;
    1953 : 24;
    1954 : 24;
    1955 : DF;
    1956 : FF;
    1957 : DF;
    1958 : DF;
    1959 : DF;
    1960 : DF;
    1961 : DF;
    1962 : DF;
    1963 : FF;
    1964 : DF;
    1965 : 24;
    1966 : 24;
    1967 : 00;
    1968 : 00;
    1969 : 24;
    1970 : 24;
    1971 : FF;
    1972 : FF;
    1973 : FF;
    1974 : FF;
    1975 : 24;
    1976 : 24;
    1977 : FF;
    1978 : FF;
    1979 : FF;
    1980 : FF;
    1981 : 24;
    1982 : 24;
    1983 : 00;
    1984 : 00;
    1985 : 24;
    1986 : 24;
    1987 : FF;
    1988 : FF;
    1989 : FF;
    1990 : FF;
    1991 : 24;
    1992 : 24;
    1993 : FF;
    1994 : FF;
    1995 : FF;
    1996 : FF;
    1997 : 24;
    1998 : 24;
    1999 : 00;
    2000 : 00;
    2001 : 24;
    2002 : 24;
    2003 : FF;
    2004 : FF;
    2005 : FF;
    2006 : FF;
    2007 : FF;
    2008 : FF;
    2009 : FF;
    2010 : FF;
    2011 : FF;
    2012 : FF;
    2013 : 24;
    2014 : 24;
    2015 : 00;
    2016 : 00;
    2017 : 24;
    2018 : 24;
    2019 : DF;
    2020 : FF;
    2021 : FF;
    2022 : FF;
    2023 : FF;
    2024 : FF;
    2025 : FF;
    2026 : FF;
    2027 : FF;
    2028 : DF;
    2029 : 24;
    2030 : 24;
    2031 : 00;
    2032 : 00;
    2033 : 00;
    2034 : 24;
    2035 : 24;
    2036 : FF;
    2037 : FF;
    2038 : FF;
    2039 : FF;
    2040 : FF;
    2041 : FF;
    2042 : FF;
    2043 : FF;
    2044 : 24;
    2045 : 24;
    2046 : 00;
    2047 : 00;
    2048 : 00;
    2049 : 00;
    2050 : 00;
    2051 : 00;
    2052 : 00;
    2053 : 00;
    2054 : 00;
    2055 : 00;
    2056 : 00;
    2057 : 00;
    2058 : 00;
    2059 : 00;
    2060 : 00;
    2061 : 04;
    2062 : 04;
    2063 : 04;
    2064 : 00;
    2065 : 00;
    2066 : 00;
    2067 : 00;
    2068 : 00;
    2069 : 00;
    2070 : 00;
    2071 : 00;
    2072 : 00;
    2073 : 00;
    2074 : 00;
    2075 : 00;
    2076 : 04;
    2077 : 3F;
    2078 : 3A;
    2079 : 04;
    2080 : 00;
    2081 : 00;
    2082 : 00;
    2083 : 00;
    2084 : 00;
    2085 : 00;
    2086 : 00;
    2087 : 00;
    2088 : 00;
    2089 : 00;
    2090 : 00;
    2091 : 04;
    2092 : 3F;
    2093 : 3A;
    2094 : 3F;
    2095 : 04;
    2096 : 00;
    2097 : 00;
    2098 : 00;
    2099 : 00;
    2100 : 00;
    2101 : 00;
    2102 : 00;
    2103 : 00;
    2104 : 00;
    2105 : 00;
    2106 : 04;
    2107 : 3F;
    2108 : 3A;
    2109 : 3F;
    2110 : 04;
    2111 : 00;
    2112 : 00;
    2113 : 00;
    2114 : 00;
    2115 : 00;
    2116 : 00;
    2117 : 00;
    2118 : 00;
    2119 : 00;
    2120 : 00;
    2121 : 04;
    2122 : 3F;
    2123 : 3A;
    2124 : 3F;
    2125 : 04;
    2126 : 00;
    2127 : 00;
    2128 : 00;
    2129 : 00;
    2130 : 00;
    2131 : 00;
    2132 : 00;
    2133 : 00;
    2134 : 00;
    2135 : 00;
    2136 : 04;
    2137 : 3F;
    2138 : 3A;
    2139 : 3F;
    2140 : 04;
    2141 : 00;
    2142 : 00;
    2143 : 00;
    2144 : 00;
    2145 : 00;
    2146 : 04;
    2147 : 04;
    2148 : 00;
    2149 : 00;
    2150 : 00;
    2151 : 04;
    2152 : 3F;
    2153 : 3A;
    2154 : 3F;
    2155 : 04;
    2156 : 00;
    2157 : 00;
    2158 : 00;
    2159 : 00;
    2160 : 00;
    2161 : 00;
    2162 : 04;
    2163 : 0D;
    2164 : 04;
    2165 : 00;
    2166 : 04;
    2167 : 3F;
    2168 : 3A;
    2169 : 3F;
    2170 : 04;
    2171 : 00;
    2172 : 00;
    2173 : 00;
    2174 : 00;
    2175 : 00;
    2176 : 00;
    2177 : 00;
    2178 : 00;
    2179 : 04;
    2180 : 31;
    2181 : 04;
    2182 : 3F;
    2183 : 3A;
    2184 : 3F;
    2185 : 04;
    2186 : 00;
    2187 : 00;
    2188 : 00;
    2189 : 00;
    2190 : 00;
    2191 : 00;
    2192 : 00;
    2193 : 00;
    2194 : 00;
    2195 : 04;
    2196 : 31;
    2197 : 04;
    2198 : 3A;
    2199 : 3F;
    2200 : 04;
    2201 : 00;
    2202 : 00;
    2203 : 00;
    2204 : 00;
    2205 : 00;
    2206 : 00;
    2207 : 00;
    2208 : 00;
    2209 : 00;
    2210 : 00;
    2211 : 00;
    2212 : 04;
    2213 : 31;
    2214 : 04;
    2215 : 04;
    2216 : 00;
    2217 : 00;
    2218 : 00;
    2219 : 00;
    2220 : 00;
    2221 : 00;
    2222 : 00;
    2223 : 00;
    2224 : 00;
    2225 : 00;
    2226 : 00;
    2227 : 44;
    2228 : 68;
    2229 : 04;
    2230 : 31;
    2231 : 0D;
    2232 : 04;
    2233 : 00;
    2234 : 00;
    2235 : 00;
    2236 : 00;
    2237 : 00;
    2238 : 00;
    2239 : 00;
    2240 : 00;
    2241 : 00;
    2242 : 44;
    2243 : 8C;
    2244 : 20;
    2245 : 00;
    2246 : 04;
    2247 : 04;
    2248 : 0D;
    2249 : 04;
    2250 : 00;
    2251 : 00;
    2252 : 00;
    2253 : 00;
    2254 : 00;
    2255 : 00;
    2256 : 04;
    2257 : 04;
    2258 : 68;
    2259 : 20;
    2260 : 00;
    2261 : 00;
    2262 : 00;
    2263 : 00;
    2264 : 04;
    2265 : 04;
    2266 : 00;
    2267 : 00;
    2268 : 00;
    2269 : 00;
    2270 : 00;
    2271 : 00;
    2272 : 04;
    2273 : 31;
    2274 : 04;
    2275 : 00;
    2276 : 00;
    2277 : 00;
    2278 : 00;
    2279 : 00;
    2280 : 00;
    2281 : 00;
    2282 : 00;
    2283 : 00;
    2284 : 00;
    2285 : 00;
    2286 : 00;
    2287 : 00;
    2288 : 04;
    2289 : 04;
    2290 : 04;
    2291 : 00;
    2292 : 00;
    2293 : 00;
    2294 : 00;
    2295 : 00;
    2296 : 00;
    2297 : 00;
    2298 : 00;
    2299 : 00;
    2300 : 00;
    2301 : 00;
    2302 : 00;
    2303 : 00;
    2304 : 00;
    2305 : 00;
    2306 : 00;
    2307 : 00;
    2308 : 00;
    2309 : 00;
    2310 : 00;
    2311 : 01;
    2312 : 01;
    2313 : 01;
    2314 : 01;
    2315 : 01;
    2316 : 01;
    2317 : 00;
    2318 : 00;
    2319 : 00;
    2320 : 00;
    2321 : 00;
    2322 : 00;
    2323 : 00;
    2324 : 00;
    2325 : 00;
    2326 : 01;
    2327 : 6A;
    2328 : 6B;
    2329 : 6B;
    2330 : 6A;
    2331 : 6A;
    2332 : 6A;
    2333 : 01;
    2334 : 00;
    2335 : 00;
    2336 : 00;
    2337 : 00;
    2338 : 00;
    2339 : 00;
    2340 : 00;
    2341 : 01;
    2342 : 6A;
    2343 : 6B;
    2344 : 6B;
    2345 : 6B;
    2346 : 6B;
    2347 : 6A;
    2348 : 01;
    2349 : 01;
    2350 : 00;
    2351 : 00;
    2352 : 00;
    2353 : 00;
    2354 : 00;
    2355 : 00;
    2356 : 00;
    2357 : 01;
    2358 : 6A;
    2359 : 6A;
    2360 : 6B;
    2361 : 6A;
    2362 : 6A;
    2363 : 01;
    2364 : 01;
    2365 : 00;
    2366 : 00;
    2367 : 00;
    2368 : 00;
    2369 : 00;
    2370 : 00;
    2371 : 00;
    2372 : 01;
    2373 : B0;
    2374 : CD;
    2375 : EC;
    2376 : CD;
    2377 : CC;
    2378 : EC;
    2379 : CD;
    2380 : 01;
    2381 : 00;
    2382 : 00;
    2383 : 00;
    2384 : 01;
    2385 : 01;
    2386 : 00;
    2387 : 01;
    2388 : 6A;
    2389 : 6A;
    2390 : 6A;
    2391 : 8A;
    2392 : 8A;
    2393 : 8A;
    2394 : 8A;
    2395 : 6A;
    2396 : 6A;
    2397 : 01;
    2398 : 00;
    2399 : 00;
    2400 : 01;
    2401 : CD;
    2402 : 01;
    2403 : 01;
    2404 : 01;
    2405 : CD;
    2406 : FA;
    2407 : EC;
    2408 : B0;
    2409 : FA;
    2410 : EC;
    2411 : EC;
    2412 : CD;
    2413 : 01;
    2414 : 00;
    2415 : 00;
    2416 : 00;
    2417 : 20;
    2418 : CD;
    2419 : 01;
    2420 : 01;
    2421 : FA;
    2422 : 01;
    2423 : FA;
    2424 : FA;
    2425 : 01;
    2426 : FA;
    2427 : EC;
    2428 : EC;
    2429 : 01;
    2430 : 01;
    2431 : 00;
    2432 : 00;
    2433 : 00;
    2434 : 20;
    2435 : CD;
    2436 : 01;
    2437 : FE;
    2438 : 01;
    2439 : FA;
    2440 : FA;
    2441 : 01;
    2442 : FA;
    2443 : 20;
    2444 : B0;
    2445 : CD;
    2446 : 01;
    2447 : 00;
    2448 : 00;
    2449 : 00;
    2450 : 00;
    2451 : 01;
    2452 : CD;
    2453 : 01;
    2454 : FA;
    2455 : FA;
    2456 : FA;
    2457 : FA;
    2458 : FA;
    2459 : 01;
    2460 : 01;
    2461 : 01;
    2462 : 00;
    2463 : 00;
    2464 : 00;
    2465 : 00;
    2466 : 00;
    2467 : 00;
    2468 : 01;
    2469 : FA;
    2470 : 01;
    2471 : 01;
    2472 : 01;
    2473 : 01;
    2474 : 01;
    2475 : 00;
    2476 : 00;
    2477 : 00;
    2478 : 00;
    2479 : 00;
    2480 : 00;
    2481 : 00;
    2482 : 00;
    2483 : 01;
    2484 : B0;
    2485 : 01;
    2486 : 6A;
    2487 : 6A;
    2488 : 6A;
    2489 : 01;
    2490 : 00;
    2491 : 00;
    2492 : 00;
    2493 : 00;
    2494 : 00;
    2495 : 00;
    2496 : 00;
    2497 : 00;
    2498 : 00;
    2499 : 01;
    2500 : EC;
    2501 : 6A;
    2502 : 6A;
    2503 : 6A;
    2504 : 01;
    2505 : FA;
    2506 : 01;
    2507 : 00;
    2508 : 00;
    2509 : 00;
    2510 : 00;
    2511 : 00;
    2512 : 00;
    2513 : 00;
    2514 : 00;
    2515 : 01;
    2516 : 01;
    2517 : 01;
    2518 : 01;
    2519 : 01;
    2520 : D4;
    2521 : F8;
    2522 : FA;
    2523 : 01;
    2524 : 00;
    2525 : 00;
    2526 : 00;
    2527 : 00;
    2528 : 00;
    2529 : 00;
    2530 : 00;
    2531 : 00;
    2532 : 00;
    2533 : 00;
    2534 : 00;
    2535 : 00;
    2536 : 20;
    2537 : D4;
    2538 : 01;
    2539 : 01;
    2540 : 00;
    2541 : 00;
    2542 : 00;
    2543 : 00;
    2544 : 00;
    2545 : 00;
    2546 : 00;
    2547 : 00;
    2548 : 00;
    2549 : 00;
    2550 : 00;
    2551 : 00;
    2552 : 00;
    2553 : 01;
    2554 : 01;
    2555 : 00;
    2556 : 00;
    2557 : 00;
    2558 : 00;
    2559 : 00;
    2560 : 00;
    2561 : 00;
    2562 : 00;
    2563 : 00;
    2564 : 00;
    2565 : 00;
    2566 : 00;
    2567 : 00;
    2568 : 00;
    2569 : 00;
    2570 : 00;
    2571 : 00;
    2572 : 00;
    2573 : 00;
    2574 : 00;
    2575 : 00;
    2576 : 00;
    2577 : 00;
    2578 : 00;
    2579 : 00;
    2580 : 00;
    2581 : 00;
    2582 : 00;
    2583 : 01;
    2584 : 01;
    2585 : 01;
    2586 : 00;
    2587 : 00;
    2588 : 00;
    2589 : 00;
    2590 : 00;
    2591 : 00;
    2592 : 00;
    2593 : 00;
    2594 : 00;
    2595 : 00;
    2596 : 00;
    2597 : 00;
    2598 : 01;
    2599 : 51;
    2600 : 51;
    2601 : 01;
    2602 : 00;
    2603 : 00;
    2604 : 00;
    2605 : 00;
    2606 : 00;
    2607 : 00;
    2608 : 00;
    2609 : 00;
    2610 : 00;
    2611 : 01;
    2612 : 01;
    2613 : 01;
    2614 : 01;
    2615 : 51;
    2616 : 01;
    2617 : 01;
    2618 : 01;
    2619 : 01;
    2620 : 01;
    2621 : 00;
    2622 : 00;
    2623 : 00;
    2624 : 00;
    2625 : 00;
    2626 : 01;
    2627 : CC;
    2628 : CC;
    2629 : F0;
    2630 : CC;
    2631 : CC;
    2632 : CC;
    2633 : F0;
    2634 : CC;
    2635 : AC;
    2636 : 84;
    2637 : 01;
    2638 : 00;
    2639 : 00;
    2640 : 00;
    2641 : 00;
    2642 : 20;
    2643 : EC;
    2644 : EC;
    2645 : F0;
    2646 : EC;
    2647 : EC;
    2648 : EC;
    2649 : F0;
    2650 : EC;
    2651 : EC;
    2652 : 84;
    2653 : 01;
    2654 : 00;
    2655 : 00;
    2656 : 00;
    2657 : 00;
    2658 : 01;
    2659 : EC;
    2660 : EC;
    2661 : F0;
    2662 : EC;
    2663 : EC;
    2664 : EC;
    2665 : F0;
    2666 : EC;
    2667 : EC;
    2668 : 84;
    2669 : 01;
    2670 : 00;
    2671 : 00;
    2672 : 00;
    2673 : 00;
    2674 : 01;
    2675 : EC;
    2676 : EC;
    2677 : F0;
    2678 : EC;
    2679 : EC;
    2680 : CC;
    2681 : F0;
    2682 : EC;
    2683 : EC;
    2684 : A4;
    2685 : 01;
    2686 : 00;
    2687 : 00;
    2688 : 00;
    2689 : 00;
    2690 : 01;
    2691 : EC;
    2692 : CC;
    2693 : 01;
    2694 : 01;
    2695 : CC;
    2696 : 20;
    2697 : 01;
    2698 : CC;
    2699 : EC;
    2700 : A4;
    2701 : 01;
    2702 : 00;
    2703 : 00;
    2704 : 00;
    2705 : 00;
    2706 : 01;
    2707 : CC;
    2708 : 01;
    2709 : 01;
    2710 : 01;
    2711 : CC;
    2712 : 01;
    2713 : 01;
    2714 : 20;
    2715 : EC;
    2716 : A4;
    2717 : 01;
    2718 : 00;
    2719 : 00;
    2720 : 00;
    2721 : 00;
    2722 : 01;
    2723 : CC;
    2724 : 01;
    2725 : 01;
    2726 : 01;
    2727 : CC;
    2728 : 01;
    2729 : 01;
    2730 : 20;
    2731 : EC;
    2732 : A4;
    2733 : 01;
    2734 : 00;
    2735 : 00;
    2736 : 00;
    2737 : 00;
    2738 : 01;
    2739 : EC;
    2740 : CC;
    2741 : F0;
    2742 : CC;
    2743 : EC;
    2744 : CC;
    2745 : F0;
    2746 : CC;
    2747 : EC;
    2748 : 84;
    2749 : 01;
    2750 : 00;
    2751 : 00;
    2752 : 00;
    2753 : 00;
    2754 : 01;
    2755 : CC;
    2756 : 20;
    2757 : 01;
    2758 : 01;
    2759 : 01;
    2760 : 01;
    2761 : 01;
    2762 : 20;
    2763 : EC;
    2764 : 84;
    2765 : 01;
    2766 : 00;
    2767 : 00;
    2768 : 00;
    2769 : 00;
    2770 : 01;
    2771 : EC;
    2772 : CC;
    2773 : F5;
    2774 : CC;
    2775 : CC;
    2776 : CC;
    2777 : F5;
    2778 : CC;
    2779 : EC;
    2780 : 84;
    2781 : 01;
    2782 : 00;
    2783 : 00;
    2784 : 00;
    2785 : 00;
    2786 : 00;
    2787 : 01;
    2788 : 01;
    2789 : 01;
    2790 : 01;
    2791 : 01;
    2792 : 01;
    2793 : 01;
    2794 : 01;
    2795 : 01;
    2796 : 01;
    2797 : 00;
    2798 : 00;
    2799 : 00;
    2800 : 00;
    2801 : 00;
    2802 : 00;
    2803 : 00;
    2804 : 00;
    2805 : 00;
    2806 : 00;
    2807 : 00;
    2808 : 00;
    2809 : 00;
    2810 : 00;
    2811 : 00;
    2812 : 00;
    2813 : 00;
    2814 : 00;
    2815 : 00;
    2816 : 00;
    2817 : 00;
    2818 : 00;
    2819 : 00;
    2820 : 00;
    2821 : 01;
    2822 : 01;
    2823 : 01;
    2824 : 01;
    2825 : 01;
    2826 : 01;
    2827 : 00;
    2828 : 00;
    2829 : 00;
    2830 : 00;
    2831 : 00;
    2832 : 00;
    2833 : 00;
    2834 : 00;
    2835 : 01;
    2836 : 01;
    2837 : E0;
    2838 : E0;
    2839 : E0;
    2840 : E0;
    2841 : FF;
    2842 : FF;
    2843 : 01;
    2844 : 01;
    2845 : 00;
    2846 : 00;
    2847 : 00;
    2848 : 00;
    2849 : 00;
    2850 : 01;
    2851 : FF;
    2852 : FF;
    2853 : E0;
    2854 : E0;
    2855 : E0;
    2856 : E0;
    2857 : FF;
    2858 : FF;
    2859 : FF;
    2860 : FF;
    2861 : 01;
    2862 : 00;
    2863 : 00;
    2864 : 00;
    2865 : 01;
    2866 : FF;
    2867 : FF;
    2868 : E0;
    2869 : E0;
    2870 : E0;
    2871 : E0;
    2872 : E0;
    2873 : E0;
    2874 : FF;
    2875 : FF;
    2876 : FF;
    2877 : FF;
    2878 : 01;
    2879 : 00;
    2880 : 00;
    2881 : 01;
    2882 : FF;
    2883 : E0;
    2884 : E0;
    2885 : FF;
    2886 : FF;
    2887 : FF;
    2888 : FF;
    2889 : E0;
    2890 : E0;
    2891 : FF;
    2892 : FF;
    2893 : FF;
    2894 : 01;
    2895 : 00;
    2896 : 01;
    2897 : E0;
    2898 : E0;
    2899 : E0;
    2900 : FF;
    2901 : FF;
    2902 : FF;
    2903 : FF;
    2904 : FF;
    2905 : FF;
    2906 : E0;
    2907 : E0;
    2908 : E0;
    2909 : E0;
    2910 : E0;
    2911 : 01;
    2912 : 01;
    2913 : E0;
    2914 : E0;
    2915 : E0;
    2916 : FF;
    2917 : FF;
    2918 : FF;
    2919 : FF;
    2920 : FF;
    2921 : FF;
    2922 : E0;
    2923 : E0;
    2924 : FF;
    2925 : FF;
    2926 : E0;
    2927 : 01;
    2928 : 01;
    2929 : FF;
    2930 : E0;
    2931 : E0;
    2932 : FF;
    2933 : FF;
    2934 : FF;
    2935 : FF;
    2936 : FF;
    2937 : FF;
    2938 : E0;
    2939 : FF;
    2940 : FF;
    2941 : FF;
    2942 : FF;
    2943 : 01;
    2944 : 01;
    2945 : FF;
    2946 : FF;
    2947 : E0;
    2948 : E0;
    2949 : FF;
    2950 : FF;
    2951 : FF;
    2952 : FF;
    2953 : E0;
    2954 : E0;
    2955 : FF;
    2956 : FF;
    2957 : FF;
    2958 : FF;
    2959 : 01;
    2960 : 01;
    2961 : FF;
    2962 : FF;
    2963 : E0;
    2964 : E0;
    2965 : E0;
    2966 : E0;
    2967 : E0;
    2968 : E0;
    2969 : E0;
    2970 : E0;
    2971 : E0;
    2972 : FF;
    2973 : FF;
    2974 : E0;
    2975 : 01;
    2976 : 01;
    2977 : FF;
    2978 : E0;
    2979 : E0;
    2980 : 01;
    2981 : 01;
    2982 : 01;
    2983 : 01;
    2984 : 01;
    2985 : 01;
    2986 : 01;
    2987 : 01;
    2988 : E0;
    2989 : E0;
    2990 : E0;
    2991 : 01;
    2992 : 00;
    2993 : 01;
    2994 : 01;
    2995 : 01;
    2996 : FF;
    2997 : FF;
    2998 : 01;
    2999 : FF;
    3000 : FF;
    3001 : 01;
    3002 : FF;
    3003 : FF;
    3004 : 01;
    3005 : 01;
    3006 : 01;
    3007 : 00;
    3008 : 00;
    3009 : 00;
    3010 : 01;
    3011 : FF;
    3012 : FF;
    3013 : FF;
    3014 : 01;
    3015 : FF;
    3016 : FF;
    3017 : 01;
    3018 : FF;
    3019 : FF;
    3020 : FF;
    3021 : 01;
    3022 : 00;
    3023 : 00;
    3024 : 00;
    3025 : 00;
    3026 : 01;
    3027 : FF;
    3028 : FF;
    3029 : FF;
    3030 : FF;
    3031 : FF;
    3032 : FF;
    3033 : FF;
    3034 : FF;
    3035 : FF;
    3036 : FF;
    3037 : 01;
    3038 : 00;
    3039 : 00;
    3040 : 00;
    3041 : 00;
    3042 : 00;
    3043 : 01;
    3044 : FF;
    3045 : FF;
    3046 : FF;
    3047 : FF;
    3048 : FF;
    3049 : FF;
    3050 : FF;
    3051 : FF;
    3052 : 01;
    3053 : 00;
    3054 : 00;
    3055 : 00;
    3056 : 00;
    3057 : 00;
    3058 : 00;
    3059 : 00;
    3060 : 01;
    3061 : 01;
    3062 : 01;
    3063 : 01;
    3064 : 01;
    3065 : 01;
    3066 : 01;
    3067 : 01;
    3068 : 00;
    3069 : 00;
    3070 : 00;
    3071 : 00;
    3072 : 00;
    3073 : 00;
    3074 : 00;
    3075 : 00;
    3076 : 00;
    3077 : 00;
    3078 : 00;
    3079 : 00;
    3080 : 00;
    3081 : 00;
    3082 : 00;
    3083 : 00;
    3084 : 00;
    3085 : 00;
    3086 : 00;
    3087 : 00;
    3088 : 00;
    3089 : 00;
    3090 : 00;
    3091 : 00;
    3092 : 00;
    3093 : 00;
    3094 : 00;
    3095 : 00;
    3096 : 00;
    3097 : 00;
    3098 : 00;
    3099 : 00;
    3100 : 00;
    3101 : 00;
    3102 : 00;
    3103 : 00;
    3104 : 00;
    3105 : 00;
    3106 : 00;
    3107 : 00;
    3108 : 00;
    3109 : 00;
    3110 : 00;
    3111 : 00;
    3112 : 00;
    3113 : 00;
    3114 : 44;
    3115 : 44;
    3116 : 44;
    3117 : 44;
    3118 : 00;
    3119 : 00;
    3120 : 44;
    3121 : 44;
    3122 : 44;
    3123 : 44;
    3124 : 44;
    3125 : 44;
    3126 : 44;
    3127 : 44;
    3128 : 44;
    3129 : 44;
    3130 : 44;
    3131 : 44;
    3132 : 44;
    3133 : 44;
    3134 : 44;
    3135 : 44;
    3136 : 44;
    3137 : FF;
    3138 : FF;
    3139 : FF;
    3140 : FF;
    3141 : FF;
    3142 : FF;
    3143 : FF;
    3144 : FF;
    3145 : FF;
    3146 : FF;
    3147 : FF;
    3148 : FF;
    3149 : FF;
    3150 : FF;
    3151 : 44;
    3152 : 44;
    3153 : DB;
    3154 : 44;
    3155 : 44;
    3156 : 44;
    3157 : DB;
    3158 : DB;
    3159 : DB;
    3160 : DB;
    3161 : DB;
    3162 : DB;
    3163 : DB;
    3164 : DB;
    3165 : DB;
    3166 : DB;
    3167 : 44;
    3168 : 44;
    3169 : 44;
    3170 : 44;
    3171 : 44;
    3172 : 44;
    3173 : 44;
    3174 : 44;
    3175 : 44;
    3176 : 44;
    3177 : 44;
    3178 : 44;
    3179 : 44;
    3180 : 44;
    3181 : 44;
    3182 : 44;
    3183 : 44;
    3184 : 44;
    3185 : B1;
    3186 : B1;
    3187 : AD;
    3188 : AD;
    3189 : B1;
    3190 : B1;
    3191 : 44;
    3192 : FF;
    3193 : FF;
    3194 : FF;
    3195 : FF;
    3196 : 44;
    3197 : B1;
    3198 : B1;
    3199 : 44;
    3200 : 44;
    3201 : B1;
    3202 : B1;
    3203 : B1;
    3204 : B1;
    3205 : B1;
    3206 : 44;
    3207 : 00;
    3208 : 44;
    3209 : 44;
    3210 : 44;
    3211 : 44;
    3212 : FF;
    3213 : 44;
    3214 : B1;
    3215 : 44;
    3216 : 44;
    3217 : B1;
    3218 : B1;
    3219 : B1;
    3220 : B1;
    3221 : B1;
    3222 : 44;
    3223 : FF;
    3224 : 44;
    3225 : 00;
    3226 : 44;
    3227 : 44;
    3228 : FF;
    3229 : 44;
    3230 : B1;
    3231 : 44;
    3232 : 44;
    3233 : B1;
    3234 : B1;
    3235 : B1;
    3236 : B1;
    3237 : B1;
    3238 : 44;
    3239 : DB;
    3240 : 44;
    3241 : 44;
    3242 : 44;
    3243 : 44;
    3244 : DB;
    3245 : 44;
    3246 : B1;
    3247 : 44;
    3248 : 44;
    3249 : B1;
    3250 : B1;
    3251 : B1;
    3252 : B1;
    3253 : B1;
    3254 : 44;
    3255 : DB;
    3256 : 44;
    3257 : 44;
    3258 : 44;
    3259 : 44;
    3260 : DB;
    3261 : 44;
    3262 : B1;
    3263 : 44;
    3264 : 44;
    3265 : B1;
    3266 : 44;
    3267 : B1;
    3268 : B1;
    3269 : B1;
    3270 : B1;
    3271 : 44;
    3272 : DB;
    3273 : DB;
    3274 : DB;
    3275 : DB;
    3276 : 44;
    3277 : B1;
    3278 : B1;
    3279 : 44;
    3280 : 44;
    3281 : D0;
    3282 : B1;
    3283 : B1;
    3284 : B1;
    3285 : B1;
    3286 : B1;
    3287 : B1;
    3288 : 44;
    3289 : 44;
    3290 : 44;
    3291 : 44;
    3292 : B1;
    3293 : D0;
    3294 : B1;
    3295 : 44;
    3296 : 44;
    3297 : 44;
    3298 : 44;
    3299 : 44;
    3300 : 44;
    3301 : 44;
    3302 : 44;
    3303 : 44;
    3304 : 44;
    3305 : 44;
    3306 : 44;
    3307 : 44;
    3308 : 44;
    3309 : 44;
    3310 : 44;
    3311 : 44;
    3312 : 00;
    3313 : 00;
    3314 : 00;
    3315 : 00;
    3316 : 00;
    3317 : 00;
    3318 : 00;
    3319 : 00;
    3320 : 00;
    3321 : 00;
    3322 : 00;
    3323 : 00;
    3324 : 00;
    3325 : 00;
    3326 : 00;
    3327 : 00;
    3328 : 00;
    3329 : 00;
    3330 : 00;
    3331 : 00;
    3332 : 00;
    3333 : 00;
    3334 : 00;
    3335 : 00;
    3336 : 00;
    3337 : 00;
    3338 : 00;
    3339 : FF;
    3340 : 00;
    3341 : 00;
    3342 : 00;
    3343 : 00;
    3344 : 00;
    3345 : 00;
    3346 : FF;
    3347 : 00;
    3348 : 00;
    3349 : 00;
    3350 : 00;
    3351 : 00;
    3352 : 00;
    3353 : 00;
    3354 : 00;
    3355 : 01;
    3356 : 01;
    3357 : 00;
    3358 : 00;
    3359 : 00;
    3360 : 00;
    3361 : 00;
    3362 : 01;
    3363 : 01;
    3364 : B6;
    3365 : 6D;
    3366 : 01;
    3367 : 01;
    3368 : 01;
    3369 : 01;
    3370 : 01;
    3371 : 68;
    3372 : 01;
    3373 : 00;
    3374 : 00;
    3375 : 00;
    3376 : 00;
    3377 : 00;
    3378 : 01;
    3379 : 68;
    3380 : FB;
    3381 : FB;
    3382 : FB;
    3383 : FB;
    3384 : FB;
    3385 : FB;
    3386 : 91;
    3387 : 01;
    3388 : 01;
    3389 : 00;
    3390 : 00;
    3391 : 00;
    3392 : 00;
    3393 : 00;
    3394 : 01;
    3395 : FB;
    3396 : FB;
    3397 : FB;
    3398 : 68;
    3399 : 68;
    3400 : 68;
    3401 : D6;
    3402 : FB;
    3403 : FB;
    3404 : FF;
    3405 : 00;
    3406 : 00;
    3407 : 00;
    3408 : 00;
    3409 : FB;
    3410 : FF;
    3411 : FB;
    3412 : 6D;
    3413 : 01;
    3414 : 68;
    3415 : 68;
    3416 : 68;
    3417 : 4E;
    3418 : 68;
    3419 : FB;
    3420 : FB;
    3421 : 6D;
    3422 : 00;
    3423 : 00;
    3424 : 00;
    3425 : 00;
    3426 : 01;
    3427 : FB;
    3428 : 68;
    3429 : 01;
    3430 : 68;
    3431 : 01;
    3432 : 68;
    3433 : 24;
    3434 : B2;
    3435 : FB;
    3436 : 01;
    3437 : 00;
    3438 : 00;
    3439 : 00;
    3440 : 00;
    3441 : 00;
    3442 : 01;
    3443 : FB;
    3444 : FB;
    3445 : D6;
    3446 : 68;
    3447 : 68;
    3448 : 68;
    3449 : 8D;
    3450 : FB;
    3451 : FB;
    3452 : 01;
    3453 : 00;
    3454 : 00;
    3455 : 00;
    3456 : 00;
    3457 : 6D;
    3458 : 00;
    3459 : 6D;
    3460 : FB;
    3461 : FB;
    3462 : FA;
    3463 : FB;
    3464 : FB;
    3465 : FB;
    3466 : FB;
    3467 : 01;
    3468 : 00;
    3469 : 00;
    3470 : 00;
    3471 : 00;
    3472 : 00;
    3473 : 00;
    3474 : 00;
    3475 : 00;
    3476 : 01;
    3477 : 01;
    3478 : FB;
    3479 : FB;
    3480 : FB;
    3481 : FB;
    3482 : 01;
    3483 : 00;
    3484 : 00;
    3485 : 01;
    3486 : 00;
    3487 : 00;
    3488 : 00;
    3489 : 00;
    3490 : 00;
    3491 : 00;
    3492 : 00;
    3493 : 91;
    3494 : FB;
    3495 : FB;
    3496 : FB;
    3497 : FB;
    3498 : FB;
    3499 : 00;
    3500 : 00;
    3501 : 68;
    3502 : 00;
    3503 : 00;
    3504 : 00;
    3505 : 00;
    3506 : 00;
    3507 : 00;
    3508 : 00;
    3509 : FB;
    3510 : FB;
    3511 : FB;
    3512 : FB;
    3513 : FB;
    3514 : FB;
    3515 : B6;
    3516 : 00;
    3517 : 00;
    3518 : 68;
    3519 : 01;
    3520 : 00;
    3521 : 00;
    3522 : 00;
    3523 : 00;
    3524 : FB;
    3525 : FB;
    3526 : FB;
    3527 : FB;
    3528 : FB;
    3529 : FB;
    3530 : FB;
    3531 : FB;
    3532 : 01;
    3533 : 91;
    3534 : 68;
    3535 : 01;
    3536 : 00;
    3537 : 00;
    3538 : 00;
    3539 : 00;
    3540 : FB;
    3541 : B2;
    3542 : 01;
    3543 : 8D;
    3544 : 68;
    3545 : 68;
    3546 : 68;
    3547 : FA;
    3548 : 01;
    3549 : 68;
    3550 : 01;
    3551 : 00;
    3552 : 00;
    3553 : 00;
    3554 : 00;
    3555 : 00;
    3556 : 01;
    3557 : 68;
    3558 : 01;
    3559 : 68;
    3560 : 68;
    3561 : 68;
    3562 : 68;
    3563 : 01;
    3564 : 01;
    3565 : 44;
    3566 : B6;
    3567 : 00;
    3568 : 00;
    3569 : 00;
    3570 : 00;
    3571 : 00;
    3572 : 00;
    3573 : 00;
    3574 : 00;
    3575 : 00;
    3576 : 00;
    3577 : 00;
    3578 : 00;
    3579 : 00;
    3580 : 00;
    3581 : 00;
    3582 : 00;
    3583 : 00;
    3584 : 00;
    3585 : 00;
    3586 : 00;
    3587 : 00;
    3588 : 00;
    3589 : 00;
    3590 : 00;
    3591 : 00;
    3592 : 00;
    3593 : 00;
    3594 : 00;
    3595 : 00;
    3596 : 00;
    3597 : 00;
    3598 : 00;
    3599 : 00;
    3600 : 00;
    3601 : 00;
    3602 : 00;
    3603 : 00;
    3604 : 01;
    3605 : 01;
    3606 : 01;
    3607 : 01;
    3608 : 01;
    3609 : 01;
    3610 : 00;
    3611 : 00;
    3612 : 00;
    3613 : 00;
    3614 : 00;
    3615 : 00;
    3616 : 00;
    3617 : 00;
    3618 : 00;
    3619 : 01;
    3620 : FF;
    3621 : FF;
    3622 : FF;
    3623 : FF;
    3624 : FF;
    3625 : FF;
    3626 : 01;
    3627 : 00;
    3628 : 00;
    3629 : 00;
    3630 : 00;
    3631 : 00;
    3632 : 00;
    3633 : 00;
    3634 : 01;
    3635 : FF;
    3636 : FF;
    3637 : FF;
    3638 : FF;
    3639 : FF;
    3640 : FF;
    3641 : FF;
    3642 : FF;
    3643 : 01;
    3644 : 00;
    3645 : 00;
    3646 : 00;
    3647 : 00;
    3648 : 00;
    3649 : 01;
    3650 : FF;
    3651 : FF;
    3652 : 01;
    3653 : FF;
    3654 : FF;
    3655 : 01;
    3656 : FF;
    3657 : FF;
    3658 : FF;
    3659 : FF;
    3660 : 01;
    3661 : 00;
    3662 : 00;
    3663 : 00;
    3664 : 00;
    3665 : 01;
    3666 : FF;
    3667 : FF;
    3668 : FF;
    3669 : FF;
    3670 : FF;
    3671 : FF;
    3672 : FF;
    3673 : FF;
    3674 : FF;
    3675 : FF;
    3676 : 01;
    3677 : 00;
    3678 : 00;
    3679 : 00;
    3680 : 00;
    3681 : 01;
    3682 : FF;
    3683 : FF;
    3684 : 01;
    3685 : 01;
    3686 : 01;
    3687 : 01;
    3688 : FF;
    3689 : FF;
    3690 : FF;
    3691 : FF;
    3692 : 01;
    3693 : 00;
    3694 : 00;
    3695 : 00;
    3696 : 00;
    3697 : 01;
    3698 : FF;
    3699 : FF;
    3700 : FF;
    3701 : 01;
    3702 : 01;
    3703 : FF;
    3704 : FF;
    3705 : FF;
    3706 : FF;
    3707 : FF;
    3708 : 01;
    3709 : 00;
    3710 : 00;
    3711 : 00;
    3712 : 00;
    3713 : 01;
    3714 : FF;
    3715 : FF;
    3716 : FF;
    3717 : FF;
    3718 : FF;
    3719 : FF;
    3720 : FF;
    3721 : FF;
    3722 : FF;
    3723 : FF;
    3724 : 01;
    3725 : 00;
    3726 : 00;
    3727 : 00;
    3728 : 00;
    3729 : 01;
    3730 : FF;
    3731 : 01;
    3732 : FF;
    3733 : 01;
    3734 : FF;
    3735 : 01;
    3736 : FF;
    3737 : 01;
    3738 : FF;
    3739 : FF;
    3740 : 01;
    3741 : 01;
    3742 : 01;
    3743 : 00;
    3744 : 00;
    3745 : 00;
    3746 : 01;
    3747 : FF;
    3748 : 01;
    3749 : FF;
    3750 : FF;
    3751 : FF;
    3752 : 01;
    3753 : FF;
    3754 : FF;
    3755 : FF;
    3756 : FF;
    3757 : FF;
    3758 : 01;
    3759 : 00;
    3760 : 00;
    3761 : 00;
    3762 : 00;
    3763 : 01;
    3764 : FF;
    3765 : FF;
    3766 : FF;
    3767 : FF;
    3768 : FF;
    3769 : FF;
    3770 : FF;
    3771 : FF;
    3772 : FF;
    3773 : 01;
    3774 : 00;
    3775 : 00;
    3776 : 00;
    3777 : 00;
    3778 : 00;
    3779 : 00;
    3780 : 01;
    3781 : 01;
    3782 : 01;
    3783 : 01;
    3784 : 01;
    3785 : 01;
    3786 : 01;
    3787 : 01;
    3788 : 01;
    3789 : 00;
    3790 : 00;
    3791 : 00;
    3792 : 00;
    3793 : 00;
    3794 : 00;
    3795 : 00;
    3796 : 00;
    3797 : 00;
    3798 : 00;
    3799 : 00;
    3800 : 00;
    3801 : 00;
    3802 : 00;
    3803 : 00;
    3804 : 00;
    3805 : 00;
    3806 : 00;
    3807 : 00;
    3808 : 00;
    3809 : 00;
    3810 : 00;
    3811 : 00;
    3812 : 00;
    3813 : 01;
    3814 : 01;
    3815 : 01;
    3816 : 01;
    3817 : 01;
    3818 : 00;
    3819 : 00;
    3820 : 00;
    3821 : 00;
    3822 : 00;
    3823 : 00;
    3824 : 00;
    3825 : 00;
    3826 : 00;
    3827 : 00;
    3828 : 00;
    3829 : 00;
    3830 : 00;
    3831 : 00;
    3832 : 00;
    3833 : 00;
    3834 : 00;
    3835 : 00;
    3836 : 00;
    3837 : 00;
    3838 : 00;
    3839 : 00;
    3840 : 00;
    3841 : 00;
    3842 : 00;
    3843 : 00;
    3844 : 24;
    3845 : 24;
    3846 : 24;
    3847 : 24;
    3848 : 24;
    3849 : 24;
    3850 : 24;
    3851 : 24;
    3852 : 00;
    3853 : 00;
    3854 : 00;
    3855 : 00;
    3856 : 00;
    3857 : 00;
    3858 : 00;
    3859 : 24;
    3860 : 24;
    3861 : 24;
    3862 : 24;
    3863 : 24;
    3864 : 24;
    3865 : 24;
    3866 : 24;
    3867 : 24;
    3868 : 24;
    3869 : 00;
    3870 : 00;
    3871 : 00;
    3872 : 00;
    3873 : 00;
    3874 : 24;
    3875 : 24;
    3876 : 24;
    3877 : 4E;
    3878 : 92;
    3879 : 4E;
    3880 : 4E;
    3881 : 92;
    3882 : 4E;
    3883 : 24;
    3884 : 24;
    3885 : 24;
    3886 : 00;
    3887 : 00;
    3888 : 00;
    3889 : 00;
    3890 : 24;
    3891 : 24;
    3892 : 92;
    3893 : 92;
    3894 : 92;
    3895 : 4E;
    3896 : 4E;
    3897 : 92;
    3898 : 92;
    3899 : 92;
    3900 : 24;
    3901 : 24;
    3902 : 00;
    3903 : 00;
    3904 : 00;
    3905 : 00;
    3906 : 24;
    3907 : 24;
    3908 : 92;
    3909 : 92;
    3910 : 92;
    3911 : 92;
    3912 : 92;
    3913 : 92;
    3914 : 92;
    3915 : 92;
    3916 : 24;
    3917 : 24;
    3918 : 00;
    3919 : 00;
    3920 : 00;
    3921 : 00;
    3922 : 24;
    3923 : 24;
    3924 : 92;
    3925 : DB;
    3926 : DB;
    3927 : 92;
    3928 : 92;
    3929 : DB;
    3930 : DB;
    3931 : 92;
    3932 : 24;
    3933 : 24;
    3934 : 00;
    3935 : 00;
    3936 : 00;
    3937 : 24;
    3938 : 24;
    3939 : 24;
    3940 : 92;
    3941 : DB;
    3942 : E8;
    3943 : DB;
    3944 : DB;
    3945 : E8;
    3946 : DB;
    3947 : 92;
    3948 : 24;
    3949 : 24;
    3950 : 24;
    3951 : 00;
    3952 : 24;
    3953 : 24;
    3954 : 24;
    3955 : 92;
    3956 : 92;
    3957 : DB;
    3958 : DB;
    3959 : DB;
    3960 : DB;
    3961 : DB;
    3962 : DB;
    3963 : 92;
    3964 : 92;
    3965 : 24;
    3966 : 24;
    3967 : 24;
    3968 : 24;
    3969 : 24;
    3970 : 92;
    3971 : 92;
    3972 : 92;
    3973 : DB;
    3974 : FF;
    3975 : 25;
    3976 : 25;
    3977 : FF;
    3978 : DB;
    3979 : 92;
    3980 : 92;
    3981 : 92;
    3982 : 24;
    3983 : 24;
    3984 : 24;
    3985 : 24;
    3986 : 92;
    3987 : 92;
    3988 : 4E;
    3989 : DB;
    3990 : DB;
    3991 : DB;
    3992 : DB;
    3993 : DB;
    3994 : DB;
    3995 : 4E;
    3996 : 92;
    3997 : 92;
    3998 : 24;
    3999 : 24;
    4000 : 24;
    4001 : 24;
    4002 : 92;
    4003 : 92;
    4004 : 4E;
    4005 : DB;
    4006 : 92;
    4007 : DB;
    4008 : DB;
    4009 : 92;
    4010 : DB;
    4011 : 4E;
    4012 : 92;
    4013 : DB;
    4014 : 24;
    4015 : 24;
    4016 : 24;
    4017 : 24;
    4018 : DB;
    4019 : DB;
    4020 : 24;
    4021 : DB;
    4022 : DB;
    4023 : DB;
    4024 : DB;
    4025 : DB;
    4026 : DB;
    4027 : 24;
    4028 : DB;
    4029 : DB;
    4030 : 24;
    4031 : 24;
    4032 : 24;
    4033 : 24;
    4034 : DB;
    4035 : DB;
    4036 : 24;
    4037 : 92;
    4038 : 92;
    4039 : DB;
    4040 : DB;
    4041 : DB;
    4042 : 92;
    4043 : 24;
    4044 : 24;
    4045 : 24;
    4046 : 24;
    4047 : 24;
    4048 : 24;
    4049 : 24;
    4050 : 24;
    4051 : 24;
    4052 : 24;
    4053 : DB;
    4054 : DB;
    4055 : 24;
    4056 : 24;
    4057 : 92;
    4058 : 92;
    4059 : 24;
    4060 : 24;
    4061 : 24;
    4062 : 24;
    4063 : 00;
    4064 : 00;
    4065 : 24;
    4066 : 24;
    4067 : 24;
    4068 : 24;
    4069 : DB;
    4070 : DB;
    4071 : 24;
    4072 : 24;
    4073 : 92;
    4074 : 92;
    4075 : 24;
    4076 : 24;
    4077 : 00;
    4078 : 00;
    4079 : 00;
    4080 : 00;
    4081 : 00;
    4082 : 00;
    4083 : 24;
    4084 : 24;
    4085 : 24;
    4086 : 24;
    4087 : 24;
    4088 : 24;
    4089 : DB;
    4090 : DB;
    4091 : 24;
    4092 : 24;
    4093 : 00;
    4094 : 00;
    4095 : 00;
    4096 : 00;
    4097 : 00;
    4098 : 00;
    4099 : 00;
    4100 : 00;
    4101 : 01;
    4102 : 01;
    4103 : 01;
    4104 : 01;
    4105 : 01;
    4106 : 01;
    4107 : 00;
    4108 : 00;
    4109 : 00;
    4110 : 00;
    4111 : 00;
    4112 : 00;
    4113 : 00;
    4114 : 00;
    4115 : 01;
    4116 : 01;
    4117 : E0;
    4118 : E0;
    4119 : E0;
    4120 : E0;
    4121 : FF;
    4122 : FF;
    4123 : 01;
    4124 : 01;
    4125 : 00;
    4126 : 00;
    4127 : 00;
    4128 : 00;
    4129 : 00;
    4130 : 01;
    4131 : FF;
    4132 : FF;
    4133 : E0;
    4134 : E0;
    4135 : E0;
    4136 : E0;
    4137 : FF;
    4138 : FF;
    4139 : FF;
    4140 : FF;
    4141 : 01;
    4142 : 00;
    4143 : 00;
    4144 : 00;
    4145 : 01;
    4146 : FF;
    4147 : FF;
    4148 : E0;
    4149 : E0;
    4150 : E0;
    4151 : E0;
    4152 : E0;
    4153 : E0;
    4154 : FF;
    4155 : FF;
    4156 : FF;
    4157 : FF;
    4158 : 01;
    4159 : 00;
    4160 : 00;
    4161 : 01;
    4162 : FF;
    4163 : E0;
    4164 : E0;
    4165 : FF;
    4166 : FF;
    4167 : FF;
    4168 : FF;
    4169 : E0;
    4170 : E0;
    4171 : FF;
    4172 : FF;
    4173 : FF;
    4174 : 01;
    4175 : 00;
    4176 : 01;
    4177 : E0;
    4178 : E0;
    4179 : E0;
    4180 : FF;
    4181 : FF;
    4182 : FF;
    4183 : FF;
    4184 : FF;
    4185 : FF;
    4186 : E0;
    4187 : E0;
    4188 : E0;
    4189 : E0;
    4190 : E0;
    4191 : 01;
    4192 : 01;
    4193 : E0;
    4194 : E0;
    4195 : E0;
    4196 : FF;
    4197 : FF;
    4198 : FF;
    4199 : FF;
    4200 : FF;
    4201 : FF;
    4202 : E0;
    4203 : E0;
    4204 : FF;
    4205 : FF;
    4206 : E0;
    4207 : 01;
    4208 : 01;
    4209 : FF;
    4210 : E0;
    4211 : E0;
    4212 : FF;
    4213 : FF;
    4214 : FF;
    4215 : FF;
    4216 : FF;
    4217 : FF;
    4218 : E0;
    4219 : FF;
    4220 : FF;
    4221 : FF;
    4222 : FF;
    4223 : 01;
    4224 : 01;
    4225 : FF;
    4226 : FF;
    4227 : E0;
    4228 : E0;
    4229 : FF;
    4230 : FF;
    4231 : FF;
    4232 : FF;
    4233 : E0;
    4234 : E0;
    4235 : FF;
    4236 : FF;
    4237 : FF;
    4238 : FF;
    4239 : 01;
    4240 : 01;
    4241 : FF;
    4242 : FF;
    4243 : E0;
    4244 : E0;
    4245 : E0;
    4246 : E0;
    4247 : E0;
    4248 : E0;
    4249 : E0;
    4250 : E0;
    4251 : E0;
    4252 : FF;
    4253 : FF;
    4254 : E0;
    4255 : 01;
    4256 : 01;
    4257 : FF;
    4258 : E0;
    4259 : E0;
    4260 : 01;
    4261 : 01;
    4262 : 01;
    4263 : 01;
    4264 : 01;
    4265 : 01;
    4266 : 01;
    4267 : 01;
    4268 : E0;
    4269 : E0;
    4270 : E0;
    4271 : 01;
    4272 : 00;
    4273 : 01;
    4274 : 01;
    4275 : 01;
    4276 : FF;
    4277 : FF;
    4278 : 01;
    4279 : FF;
    4280 : FF;
    4281 : 01;
    4282 : FF;
    4283 : FF;
    4284 : 01;
    4285 : 01;
    4286 : 01;
    4287 : 00;
    4288 : 00;
    4289 : 00;
    4290 : 01;
    4291 : FF;
    4292 : FF;
    4293 : FF;
    4294 : 01;
    4295 : FF;
    4296 : FF;
    4297 : 01;
    4298 : FF;
    4299 : FF;
    4300 : FF;
    4301 : 01;
    4302 : 00;
    4303 : 00;
    4304 : 00;
    4305 : 00;
    4306 : 01;
    4307 : FF;
    4308 : FF;
    4309 : FF;
    4310 : FF;
    4311 : FF;
    4312 : FF;
    4313 : FF;
    4314 : FF;
    4315 : FF;
    4316 : FF;
    4317 : 01;
    4318 : 00;
    4319 : 00;
    4320 : 00;
    4321 : 00;
    4322 : 00;
    4323 : 01;
    4324 : FF;
    4325 : FF;
    4326 : FF;
    4327 : FF;
    4328 : FF;
    4329 : FF;
    4330 : FF;
    4331 : FF;
    4332 : 01;
    4333 : 00;
    4334 : 00;
    4335 : 00;
    4336 : 00;
    4337 : 00;
    4338 : 00;
    4339 : 00;
    4340 : 01;
    4341 : 01;
    4342 : 01;
    4343 : 01;
    4344 : 01;
    4345 : 01;
    4346 : 01;
    4347 : 01;
    4348 : 00;
    4349 : 00;
    4350 : 00;
    4351 : 00;
    4352 : 00;
    4353 : 00;
    4354 : 00;
    4355 : 00;
    4356 : 00;
    4357 : 00;
    4358 : 00;
    4359 : 00;
    4360 : 00;
    4361 : 00;
    4362 : 00;
    4363 : 00;
    4364 : 00;
    4365 : 00;
    4366 : 00;
    4367 : 00;
    4368 : 00;
    4369 : 00;
    4370 : 00;
    4371 : 00;
    4372 : 00;
    4373 : 01;
    4374 : 01;
    4375 : 01;
    4376 : 01;
    4377 : 01;
    4378 : 01;
    4379 : 00;
    4380 : 00;
    4381 : 00;
    4382 : 00;
    4383 : 00;
    4384 : 00;
    4385 : 00;
    4386 : 00;
    4387 : 01;
    4388 : 01;
    4389 : FF;
    4390 : FF;
    4391 : FF;
    4392 : FF;
    4393 : FF;
    4394 : FF;
    4395 : 01;
    4396 : 01;
    4397 : 00;
    4398 : 00;
    4399 : 00;
    4400 : 00;
    4401 : 00;
    4402 : 01;
    4403 : 96;
    4404 : FF;
    4405 : FF;
    4406 : FF;
    4407 : FF;
    4408 : FF;
    4409 : FF;
    4410 : FF;
    4411 : FF;
    4412 : 96;
    4413 : 01;
    4414 : 00;
    4415 : 00;
    4416 : 00;
    4417 : 00;
    4418 : 01;
    4419 : 96;
    4420 : FF;
    4421 : FF;
    4422 : FF;
    4423 : FF;
    4424 : FF;
    4425 : FF;
    4426 : FF;
    4427 : FF;
    4428 : 96;
    4429 : 01;
    4430 : 00;
    4431 : 00;
    4432 : 00;
    4433 : 00;
    4434 : 01;
    4435 : 96;
    4436 : FF;
    4437 : FF;
    4438 : FF;
    4439 : FF;
    4440 : FF;
    4441 : FF;
    4442 : FF;
    4443 : FF;
    4444 : 96;
    4445 : 01;
    4446 : 00;
    4447 : 00;
    4448 : 00;
    4449 : 00;
    4450 : 01;
    4451 : 01;
    4452 : 01;
    4453 : 01;
    4454 : 01;
    4455 : 01;
    4456 : 01;
    4457 : 01;
    4458 : 01;
    4459 : 01;
    4460 : 01;
    4461 : 01;
    4462 : 00;
    4463 : 00;
    4464 : 00;
    4465 : 00;
    4466 : 01;
    4467 : FF;
    4468 : 01;
    4469 : 01;
    4470 : 01;
    4471 : FF;
    4472 : FF;
    4473 : 01;
    4474 : 01;
    4475 : 01;
    4476 : FF;
    4477 : 01;
    4478 : 00;
    4479 : 00;
    4480 : 00;
    4481 : 01;
    4482 : FF;
    4483 : 96;
    4484 : 01;
    4485 : 01;
    4486 : FF;
    4487 : 96;
    4488 : 96;
    4489 : FF;
    4490 : 01;
    4491 : 01;
    4492 : 96;
    4493 : FF;
    4494 : 01;
    4495 : 00;
    4496 : 00;
    4497 : 01;
    4498 : 96;
    4499 : FF;
    4500 : FF;
    4501 : FF;
    4502 : 96;
    4503 : FF;
    4504 : FF;
    4505 : 96;
    4506 : FF;
    4507 : FF;
    4508 : FF;
    4509 : 96;
    4510 : 01;
    4511 : 00;
    4512 : 00;
    4513 : 00;
    4514 : 01;
    4515 : 01;
    4516 : 96;
    4517 : 01;
    4518 : FF;
    4519 : 01;
    4520 : 01;
    4521 : FF;
    4522 : 01;
    4523 : FF;
    4524 : 96;
    4525 : 01;
    4526 : 8E;
    4527 : 00;
    4528 : 00;
    4529 : 00;
    4530 : 01;
    4531 : FF;
    4532 : FF;
    4533 : 96;
    4534 : FF;
    4535 : 01;
    4536 : 01;
    4537 : FF;
    4538 : FF;
    4539 : 96;
    4540 : 01;
    4541 : 96;
    4542 : 01;
    4543 : 00;
    4544 : 00;
    4545 : 00;
    4546 : 01;
    4547 : FF;
    4548 : 96;
    4549 : 01;
    4550 : 01;
    4551 : 00;
    4552 : 96;
    4553 : 01;
    4554 : 01;
    4555 : 01;
    4556 : 01;
    4557 : 96;
    4558 : 01;
    4559 : 00;
    4560 : 00;
    4561 : 00;
    4562 : 00;
    4563 : 01;
    4564 : 01;
    4565 : 01;
    4566 : 96;
    4567 : 01;
    4568 : 01;
    4569 : 01;
    4570 : 96;
    4571 : FF;
    4572 : 01;
    4573 : 01;
    4574 : 00;
    4575 : 00;
    4576 : 00;
    4577 : 00;
    4578 : 00;
    4579 : 00;
    4580 : 00;
    4581 : 01;
    4582 : 01;
    4583 : 01;
    4584 : 01;
    4585 : FF;
    4586 : FF;
    4587 : FF;
    4588 : 01;
    4589 : 00;
    4590 : 00;
    4591 : 00;
    4592 : 00;
    4593 : 00;
    4594 : 00;
    4595 : 00;
    4596 : 00;
    4597 : 00;
    4598 : 00;
    4599 : 00;
    4600 : 00;
    4601 : 01;
    4602 : 01;
    4603 : 01;
    4604 : 00;
    4605 : 00;
    4606 : 00;
    4607 : 00;
    4608 : FF;
    4609 : FF;
    4610 : FF;
    4611 : FF;
    4612 : FF;
    4613 : FF;
    4614 : FF;
    4615 : FF;
    4616 : FF;
    4617 : FF;
    4618 : FF;
    4619 : FF;
    4620 : FF;
    4621 : FF;
    4622 : FF;
    4623 : FF;
    4624 : FF;
    4625 : FF;
    4626 : FF;
    4627 : FF;
    4628 : FF;
    4629 : FF;
    4630 : DB;
    4631 : BB;
    4632 : BB;
    4633 : DB;
    4634 : FF;
    4635 : FF;
    4636 : FF;
    4637 : FF;
    4638 : FF;
    4639 : FF;
    4640 : FF;
    4641 : FF;
    4642 : FF;
    4643 : FF;
    4644 : DB;
    4645 : B6;
    4646 : 40;
    4647 : 20;
    4648 : 20;
    4649 : 40;
    4650 : B6;
    4651 : DB;
    4652 : FF;
    4653 : FF;
    4654 : FF;
    4655 : FF;
    4656 : FF;
    4657 : FF;
    4658 : FF;
    4659 : B6;
    4660 : 20;
    4661 : 40;
    4662 : E4;
    4663 : E0;
    4664 : E0;
    4665 : C0;
    4666 : 40;
    4667 : 20;
    4668 : B6;
    4669 : FF;
    4670 : FF;
    4671 : FF;
    4672 : FF;
    4673 : FF;
    4674 : FF;
    4675 : 20;
    4676 : C0;
    4677 : E9;
    4678 : FF;
    4679 : E9;
    4680 : E0;
    4681 : E0;
    4682 : E0;
    4683 : A0;
    4684 : 20;
    4685 : FF;
    4686 : FF;
    4687 : FF;
    4688 : FF;
    4689 : FF;
    4690 : B6;
    4691 : 40;
    4692 : E0;
    4693 : FB;
    4694 : FF;
    4695 : FB;
    4696 : E0;
    4697 : E0;
    4698 : E0;
    4699 : C0;
    4700 : 40;
    4701 : B6;
    4702 : FF;
    4703 : FF;
    4704 : FF;
    4705 : FF;
    4706 : 20;
    4707 : C0;
    4708 : E0;
    4709 : E0;
    4710 : F6;
    4711 : C0;
    4712 : C0;
    4713 : E0;
    4714 : E0;
    4715 : E0;
    4716 : A0;
    4717 : 20;
    4718 : DF;
    4719 : FF;
    4720 : FF;
    4721 : FF;
    4722 : 20;
    4723 : C0;
    4724 : E0;
    4725 : E0;
    4726 : C0;
    4727 : 44;
    4728 : 24;
    4729 : A0;
    4730 : E0;
    4731 : C0;
    4732 : 80;
    4733 : 20;
    4734 : FF;
    4735 : FF;
    4736 : FF;
    4737 : FF;
    4738 : 01;
    4739 : 44;
    4740 : C0;
    4741 : A0;
    4742 : 20;
    4743 : FF;
    4744 : DB;
    4745 : 20;
    4746 : A0;
    4747 : 80;
    4748 : 24;
    4749 : 01;
    4750 : FF;
    4751 : FF;
    4752 : FF;
    4753 : FF;
    4754 : 49;
    4755 : DA;
    4756 : 48;
    4757 : 24;
    4758 : 44;
    4759 : 92;
    4760 : 92;
    4761 : 24;
    4762 : 24;
    4763 : 24;
    4764 : 92;
    4765 : 49;
    4766 : FF;
    4767 : FF;
    4768 : FF;
    4769 : FF;
    4770 : FF;
    4771 : 24;
    4772 : FF;
    4773 : FF;
    4774 : FF;
    4775 : 48;
    4776 : 24;
    4777 : B6;
    4778 : DB;
    4779 : B6;
    4780 : 24;
    4781 : FF;
    4782 : FF;
    4783 : FF;
    4784 : FF;
    4785 : FF;
    4786 : FF;
    4787 : 49;
    4788 : 92;
    4789 : DB;
    4790 : FF;
    4791 : FF;
    4792 : DB;
    4793 : B6;
    4794 : 92;
    4795 : 92;
    4796 : 49;
    4797 : FF;
    4798 : FF;
    4799 : FF;
    4800 : FF;
    4801 : FF;
    4802 : FF;
    4803 : FF;
    4804 : 44;
    4805 : 24;
    4806 : 92;
    4807 : 92;
    4808 : 92;
    4809 : 92;
    4810 : 24;
    4811 : 24;
    4812 : FF;
    4813 : FF;
    4814 : FF;
    4815 : FF;
    4816 : FF;
    4817 : FF;
    4818 : FF;
    4819 : FF;
    4820 : FF;
    4821 : FF;
    4822 : 44;
    4823 : 24;
    4824 : 24;
    4825 : 44;
    4826 : FF;
    4827 : FF;
    4828 : FF;
    4829 : FF;
    4830 : FF;
    4831 : FF;
    4832 : FF;
    4833 : FF;
    4834 : FF;
    4835 : FF;
    4836 : FF;
    4837 : FF;
    4838 : FF;
    4839 : FF;
    4840 : FF;
    4841 : FF;
    4842 : FF;
    4843 : FF;
    4844 : FF;
    4845 : FF;
    4846 : FF;
    4847 : FF;
    4848 : FF;
    4849 : FF;
    4850 : FF;
    4851 : FF;
    4852 : FF;
    4853 : FF;
    4854 : FF;
    4855 : FF;
    4856 : FF;
    4857 : FF;
    4858 : FF;
    4859 : FF;
    4860 : FF;
    4861 : FF;
    4862 : FF;
    4863 : FF;
    4864 : FF;
    4865 : FF;
    4866 : FF;
    4867 : FF;
    4868 : FF;
    4869 : FF;
    4870 : FF;
    4871 : FF;
    4872 : DB;
    4873 : B6;
    4874 : B6;
    4875 : B6;
    4876 : B6;
    4877 : B6;
    4878 : DB;
    4879 : FF;
    4880 : FF;
    4881 : FF;
    4882 : FF;
    4883 : FF;
    4884 : FF;
    4885 : FF;
    4886 : FF;
    4887 : DB;
    4888 : 24;
    4889 : 01;
    4890 : 01;
    4891 : 01;
    4892 : 01;
    4893 : 01;
    4894 : 24;
    4895 : DB;
    4896 : FF;
    4897 : FF;
    4898 : FF;
    4899 : FF;
    4900 : FF;
    4901 : FF;
    4902 : FF;
    4903 : 92;
    4904 : 01;
    4905 : 92;
    4906 : 24;
    4907 : 01;
    4908 : 04;
    4909 : 04;
    4910 : 01;
    4911 : B6;
    4912 : FF;
    4913 : FF;
    4914 : FF;
    4915 : FF;
    4916 : FF;
    4917 : FF;
    4918 : FF;
    4919 : 96;
    4920 : 01;
    4921 : 04;
    4922 : 01;
    4923 : 01;
    4924 : 01;
    4925 : 01;
    4926 : 01;
    4927 : B6;
    4928 : FF;
    4929 : FF;
    4930 : FF;
    4931 : FF;
    4932 : FF;
    4933 : FF;
    4934 : FF;
    4935 : B6;
    4936 : 01;
    4937 : 01;
    4938 : 01;
    4939 : 49;
    4940 : B6;
    4941 : 92;
    4942 : B6;
    4943 : FF;
    4944 : FF;
    4945 : DB;
    4946 : FF;
    4947 : FF;
    4948 : FF;
    4949 : FF;
    4950 : FF;
    4951 : 92;
    4952 : 01;
    4953 : 01;
    4954 : 24;
    4955 : 49;
    4956 : 6D;
    4957 : 92;
    4958 : FF;
    4959 : FF;
    4960 : B6;
    4961 : 72;
    4962 : FF;
    4963 : FF;
    4964 : FF;
    4965 : FF;
    4966 : 92;
    4967 : 01;
    4968 : 01;
    4969 : 01;
    4970 : 6D;
    4971 : FF;
    4972 : FF;
    4973 : FF;
    4974 : FF;
    4975 : FF;
    4976 : B6;
    4977 : 24;
    4978 : DB;
    4979 : FF;
    4980 : B6;
    4981 : 49;
    4982 : 01;
    4983 : 01;
    4984 : 01;
    4985 : 01;
    4986 : 24;
    4987 : 49;
    4988 : DB;
    4989 : FF;
    4990 : FF;
    4991 : FF;
    4992 : B6;
    4993 : 01;
    4994 : 24;
    4995 : 92;
    4996 : 01;
    4997 : 01;
    4998 : 01;
    4999 : 01;
    5000 : 01;
    5001 : 01;
    5002 : 6D;
    5003 : 92;
    5004 : BA;
    5005 : FF;
    5006 : FF;
    5007 : FF;
    5008 : B6;
    5009 : 01;
    5010 : 01;
    5011 : 01;
    5012 : 01;
    5013 : 01;
    5014 : 01;
    5015 : 01;
    5016 : 01;
    5017 : 01;
    5018 : 49;
    5019 : FF;
    5020 : FF;
    5021 : FF;
    5022 : FF;
    5023 : FF;
    5024 : FF;
    5025 : 6D;
    5026 : 01;
    5027 : 01;
    5028 : 01;
    5029 : 01;
    5030 : 01;
    5031 : 01;
    5032 : 01;
    5033 : 04;
    5034 : DB;
    5035 : FF;
    5036 : FF;
    5037 : FF;
    5038 : FF;
    5039 : FF;
    5040 : FF;
    5041 : FF;
    5042 : 6D;
    5043 : 01;
    5044 : 01;
    5045 : 01;
    5046 : 01;
    5047 : 01;
    5048 : 01;
    5049 : 6D;
    5050 : FF;
    5051 : FF;
    5052 : FF;
    5053 : FF;
    5054 : FF;
    5055 : FF;
    5056 : FF;
    5057 : FF;
    5058 : FF;
    5059 : 92;
    5060 : 01;
    5061 : 01;
    5062 : 6D;
    5063 : 01;
    5064 : 6D;
    5065 : FF;
    5066 : FF;
    5067 : FF;
    5068 : FF;
    5069 : FF;
    5070 : FF;
    5071 : FF;
    5072 : FF;
    5073 : FF;
    5074 : FF;
    5075 : DB;
    5076 : 04;
    5077 : B6;
    5078 : FF;
    5079 : 6D;
    5080 : B6;
    5081 : FF;
    5082 : FF;
    5083 : FF;
    5084 : FF;
    5085 : FF;
    5086 : FF;
    5087 : FF;
    5088 : FF;
    5089 : FF;
    5090 : FF;
    5091 : B6;
    5092 : 24;
    5093 : DB;
    5094 : FF;
    5095 : 92;
    5096 : 49;
    5097 : FF;
    5098 : FF;
    5099 : FF;
    5100 : FF;
    5101 : FF;
    5102 : FF;
    5103 : FF;
    5104 : FF;
    5105 : FF;
    5106 : FF;
    5107 : FF;
    5108 : 92;
    5109 : DB;
    5110 : FF;
    5111 : DB;
    5112 : 92;
    5113 : FF;
    5114 : FF;
    5115 : FF;
    5116 : FF;
    5117 : FF;
    5118 : FF;
    5119 : FF;
    5120 : FF;
    5121 : FF;
    5122 : FF;
    5123 : FF;
    5124 : FF;
    5125 : FF;
    5126 : FF;
    5127 : FF;
    5128 : FF;
    5129 : FF;
    5130 : FF;
    5131 : FF;
    5132 : FF;
    5133 : FF;
    5134 : FF;
    5135 : FF;
    5136 : FF;
    5137 : FF;
    5138 : FF;
    5139 : FF;
    5140 : FF;
    5141 : FF;
    5142 : FF;
    5143 : FF;
    5144 : FF;
    5145 : FF;
    5146 : FF;
    5147 : FF;
    5148 : FF;
    5149 : FF;
    5150 : FF;
    5151 : FF;
    5152 : FF;
    5153 : FF;
    5154 : FF;
    5155 : FF;
    5156 : FB;
    5157 : D6;
    5158 : D6;
    5159 : D6;
    5160 : D6;
    5161 : D5;
    5162 : D6;
    5163 : FB;
    5164 : FF;
    5165 : FF;
    5166 : FF;
    5167 : FF;
    5168 : FF;
    5169 : FF;
    5170 : FF;
    5171 : DA;
    5172 : D5;
    5173 : F5;
    5174 : F5;
    5175 : F5;
    5176 : F5;
    5177 : F5;
    5178 : D5;
    5179 : D5;
    5180 : DB;
    5181 : FF;
    5182 : FF;
    5183 : FF;
    5184 : FF;
    5185 : FF;
    5186 : D6;
    5187 : CD;
    5188 : ED;
    5189 : C0;
    5190 : C0;
    5191 : C0;
    5192 : C0;
    5193 : C0;
    5194 : C4;
    5195 : CD;
    5196 : AD;
    5197 : DA;
    5198 : FF;
    5199 : FF;
    5200 : FF;
    5201 : FF;
    5202 : D6;
    5203 : CD;
    5204 : A9;
    5205 : CD;
    5206 : CD;
    5207 : CD;
    5208 : CD;
    5209 : CD;
    5210 : CD;
    5211 : CD;
    5212 : AD;
    5213 : D6;
    5214 : FF;
    5215 : FF;
    5216 : FF;
    5217 : D6;
    5218 : B1;
    5219 : 8D;
    5220 : 24;
    5221 : 6D;
    5222 : 8D;
    5223 : 6D;
    5224 : 6D;
    5225 : 8D;
    5226 : 8D;
    5227 : 8D;
    5228 : B1;
    5229 : D5;
    5230 : D6;
    5231 : FF;
    5232 : DB;
    5233 : D1;
    5234 : AD;
    5235 : 20;
    5236 : 01;
    5237 : 24;
    5238 : AD;
    5239 : 69;
    5240 : 69;
    5241 : 8D;
    5242 : 24;
    5243 : 24;
    5244 : B1;
    5245 : D5;
    5246 : DA;
    5247 : FF;
    5248 : FF;
    5249 : FF;
    5250 : B6;
    5251 : 24;
    5252 : 24;
    5253 : D2;
    5254 : 8D;
    5255 : FA;
    5256 : FA;
    5257 : 8D;
    5258 : D2;
    5259 : 01;
    5260 : 69;
    5261 : FF;
    5262 : FF;
    5263 : FF;
    5264 : FF;
    5265 : FF;
    5266 : FF;
    5267 : FF;
    5268 : 6D;
    5269 : 8D;
    5270 : AD;
    5271 : FA;
    5272 : F6;
    5273 : AD;
    5274 : 8D;
    5275 : 92;
    5276 : FF;
    5277 : FF;
    5278 : FF;
    5279 : FF;
    5280 : FF;
    5281 : FF;
    5282 : FF;
    5283 : FF;
    5284 : 8D;
    5285 : 60;
    5286 : 80;
    5287 : ED;
    5288 : C9;
    5289 : 80;
    5290 : 60;
    5291 : 92;
    5292 : FF;
    5293 : FF;
    5294 : FF;
    5295 : FF;
    5296 : FF;
    5297 : FF;
    5298 : FF;
    5299 : 49;
    5300 : 84;
    5301 : E9;
    5302 : C4;
    5303 : F5;
    5304 : F1;
    5305 : C0;
    5306 : ED;
    5307 : 64;
    5308 : 4D;
    5309 : FF;
    5310 : FF;
    5311 : FF;
    5312 : FF;
    5313 : FF;
    5314 : FF;
    5315 : D7;
    5316 : 6D;
    5317 : 49;
    5318 : 6E;
    5319 : 72;
    5320 : 72;
    5321 : D1;
    5322 : 68;
    5323 : 6D;
    5324 : DB;
    5325 : FF;
    5326 : FF;
    5327 : FF;
    5328 : FF;
    5329 : FF;
    5330 : FF;
    5331 : FF;
    5332 : DB;
    5333 : 01;
    5334 : 97;
    5335 : 25;
    5336 : 49;
    5337 : DA;
    5338 : 24;
    5339 : FF;
    5340 : FF;
    5341 : FF;
    5342 : FF;
    5343 : FF;
    5344 : FF;
    5345 : FF;
    5346 : FF;
    5347 : FF;
    5348 : FF;
    5349 : B6;
    5350 : 69;
    5351 : B2;
    5352 : 92;
    5353 : 69;
    5354 : DB;
    5355 : FF;
    5356 : FF;
    5357 : FF;
    5358 : FF;
    5359 : FF;
    5360 : FF;
    5361 : FF;
    5362 : FF;
    5363 : FF;
    5364 : FF;
    5365 : FF;
    5366 : FF;
    5367 : FF;
    5368 : FF;
    5369 : FF;
    5370 : FF;
    5371 : FF;
    5372 : FF;
    5373 : FF;
    5374 : FF;
    5375 : FF;
    5376 : FF;
    5377 : FF;
    5378 : FF;
    5379 : FF;
    5380 : FF;
    5381 : FF;
    5382 : 24;
    5383 : 01;
    5384 : 01;
    5385 : 24;
    5386 : DB;
    5387 : FF;
    5388 : FF;
    5389 : FF;
    5390 : FF;
    5391 : FF;
    5392 : FF;
    5393 : FF;
    5394 : FF;
    5395 : FF;
    5396 : FF;
    5397 : FF;
    5398 : 24;
    5399 : 01;
    5400 : 01;
    5401 : 24;
    5402 : FF;
    5403 : FF;
    5404 : FF;
    5405 : FF;
    5406 : FF;
    5407 : FF;
    5408 : FF;
    5409 : 92;
    5410 : 48;
    5411 : 6D;
    5412 : DF;
    5413 : FF;
    5414 : 24;
    5415 : 01;
    5416 : 01;
    5417 : 24;
    5418 : DB;
    5419 : FF;
    5420 : 6D;
    5421 : 48;
    5422 : 92;
    5423 : FF;
    5424 : 92;
    5425 : 6C;
    5426 : B0;
    5427 : 8C;
    5428 : 6D;
    5429 : 49;
    5430 : 01;
    5431 : 01;
    5432 : 01;
    5433 : 01;
    5434 : 49;
    5435 : 8D;
    5436 : 8C;
    5437 : B0;
    5438 : 6C;
    5439 : 92;
    5440 : 24;
    5441 : D0;
    5442 : CC;
    5443 : D0;
    5444 : 68;
    5445 : 48;
    5446 : 8C;
    5447 : 8C;
    5448 : 8C;
    5449 : 8C;
    5450 : 48;
    5451 : 68;
    5452 : D0;
    5453 : AC;
    5454 : D0;
    5455 : 24;
    5456 : 48;
    5457 : B0;
    5458 : D0;
    5459 : 8C;
    5460 : 48;
    5461 : 90;
    5462 : 90;
    5463 : B0;
    5464 : B0;
    5465 : 90;
    5466 : 8C;
    5467 : 48;
    5468 : 8C;
    5469 : D0;
    5470 : B0;
    5471 : 48;
    5472 : DB;
    5473 : 6D;
    5474 : 68;
    5475 : 44;
    5476 : 8C;
    5477 : 68;
    5478 : 68;
    5479 : 8C;
    5480 : 8C;
    5481 : 68;
    5482 : 48;
    5483 : 8C;
    5484 : 44;
    5485 : 48;
    5486 : 6D;
    5487 : DB;
    5488 : FF;
    5489 : DB;
    5490 : 92;
    5491 : 48;
    5492 : D4;
    5493 : 6C;
    5494 : 48;
    5495 : D4;
    5496 : D4;
    5497 : 48;
    5498 : 68;
    5499 : D4;
    5500 : 48;
    5501 : 92;
    5502 : DB;
    5503 : FF;
    5504 : FF;
    5505 : FF;
    5506 : 6D;
    5507 : B0;
    5508 : 8C;
    5509 : 01;
    5510 : 25;
    5511 : 6C;
    5512 : 6C;
    5513 : 25;
    5514 : 01;
    5515 : 6C;
    5516 : B0;
    5517 : 6D;
    5518 : DB;
    5519 : FF;
    5520 : FF;
    5521 : 6E;
    5522 : 6C;
    5523 : D4;
    5524 : 6C;
    5525 : 01;
    5526 : 4D;
    5527 : 24;
    5528 : 24;
    5529 : 4D;
    5530 : 01;
    5531 : 68;
    5532 : D4;
    5533 : 6C;
    5534 : 6D;
    5535 : FF;
    5536 : FF;
    5537 : 92;
    5538 : 6C;
    5539 : B0;
    5540 : 48;
    5541 : B0;
    5542 : 6C;
    5543 : 01;
    5544 : 01;
    5545 : 6C;
    5546 : B0;
    5547 : 48;
    5548 : B0;
    5549 : 6C;
    5550 : 92;
    5551 : FF;
    5552 : FF;
    5553 : FF;
    5554 : 92;
    5555 : 48;
    5556 : 48;
    5557 : D4;
    5558 : D4;
    5559 : 6C;
    5560 : 6C;
    5561 : D4;
    5562 : D4;
    5563 : 68;
    5564 : 44;
    5565 : 91;
    5566 : FF;
    5567 : FF;
    5568 : FF;
    5569 : FF;
    5570 : FF;
    5571 : 92;
    5572 : 24;
    5573 : 48;
    5574 : 48;
    5575 : 24;
    5576 : 24;
    5577 : 48;
    5578 : 48;
    5579 : 24;
    5580 : 72;
    5581 : FF;
    5582 : FF;
    5583 : FF;
    5584 : FF;
    5585 : FF;
    5586 : FF;
    5587 : DB;
    5588 : 48;
    5589 : 68;
    5590 : 04;
    5591 : 04;
    5592 : 24;
    5593 : 04;
    5594 : 68;
    5595 : 48;
    5596 : B7;
    5597 : FF;
    5598 : FF;
    5599 : FF;
    5600 : FF;
    5601 : FF;
    5602 : FF;
    5603 : DB;
    5604 : 6D;
    5605 : B0;
    5606 : D5;
    5607 : B1;
    5608 : B1;
    5609 : D5;
    5610 : B0;
    5611 : 6D;
    5612 : DB;
    5613 : FF;
    5614 : FF;
    5615 : FF;
    5616 : FF;
    5617 : FF;
    5618 : FF;
    5619 : FF;
    5620 : DB;
    5621 : 69;
    5622 : 44;
    5623 : 48;
    5624 : 48;
    5625 : 44;
    5626 : 48;
    5627 : DB;
    5628 : FF;
    5629 : FF;
    5630 : FF;
    5631 : FF;
    5632 : 49;
    5633 : 92;
    5634 : 8D;
    5635 : 96;
    5636 : FF;
    5637 : FF;
    5638 : FF;
    5639 : FF;
    5640 : FF;
    5641 : FF;
    5642 : FF;
    5643 : FF;
    5644 : B6;
    5645 : 92;
    5646 : 92;
    5647 : 49;
    5648 : 92;
    5649 : F7;
    5650 : F7;
    5651 : B2;
    5652 : 92;
    5653 : FF;
    5654 : FF;
    5655 : FF;
    5656 : FF;
    5657 : FF;
    5658 : FF;
    5659 : B6;
    5660 : B2;
    5661 : F7;
    5662 : F7;
    5663 : B2;
    5664 : 8D;
    5665 : F7;
    5666 : F7;
    5667 : F7;
    5668 : B2;
    5669 : 96;
    5670 : B6;
    5671 : D6;
    5672 : DB;
    5673 : B6;
    5674 : B6;
    5675 : B2;
    5676 : F7;
    5677 : F7;
    5678 : F7;
    5679 : 92;
    5680 : 92;
    5681 : B6;
    5682 : F7;
    5683 : F3;
    5684 : FB;
    5685 : 92;
    5686 : B6;
    5687 : 92;
    5688 : 92;
    5689 : B6;
    5690 : 92;
    5691 : FB;
    5692 : F7;
    5693 : F7;
    5694 : B6;
    5695 : 92;
    5696 : FF;
    5697 : B6;
    5698 : 92;
    5699 : D7;
    5700 : B6;
    5701 : B6;
    5702 : FF;
    5703 : FF;
    5704 : FF;
    5705 : FF;
    5706 : DB;
    5707 : B6;
    5708 : D7;
    5709 : 92;
    5710 : 92;
    5711 : FF;
    5712 : FF;
    5713 : FF;
    5714 : DB;
    5715 : 68;
    5716 : 92;
    5717 : D7;
    5718 : 89;
    5719 : DB;
    5720 : FB;
    5721 : 44;
    5722 : B6;
    5723 : B6;
    5724 : 4D;
    5725 : B6;
    5726 : FF;
    5727 : FF;
    5728 : FF;
    5729 : FF;
    5730 : D2;
    5731 : AD;
    5732 : 92;
    5733 : FA;
    5734 : B1;
    5735 : FB;
    5736 : D7;
    5737 : 01;
    5738 : 6D;
    5739 : B6;
    5740 : 92;
    5741 : FB;
    5742 : FF;
    5743 : FF;
    5744 : DB;
    5745 : B6;
    5746 : 6D;
    5747 : 6D;
    5748 : D6;
    5749 : FB;
    5750 : D6;
    5751 : 6D;
    5752 : 6D;
    5753 : 89;
    5754 : 92;
    5755 : F7;
    5756 : 89;
    5757 : 6D;
    5758 : 92;
    5759 : DB;
    5760 : 6D;
    5761 : 92;
    5762 : FF;
    5763 : F2;
    5764 : E9;
    5765 : FB;
    5766 : F7;
    5767 : AE;
    5768 : AE;
    5769 : F7;
    5770 : FB;
    5771 : ED;
    5772 : EE;
    5773 : FF;
    5774 : B6;
    5775 : 6D;
    5776 : DB;
    5777 : 92;
    5778 : 92;
    5779 : B2;
    5780 : D2;
    5781 : D6;
    5782 : F7;
    5783 : EE;
    5784 : CE;
    5785 : F7;
    5786 : D6;
    5787 : D2;
    5788 : B2;
    5789 : 92;
    5790 : 92;
    5791 : DB;
    5792 : FF;
    5793 : FF;
    5794 : D2;
    5795 : 6D;
    5796 : 72;
    5797 : 92;
    5798 : 8D;
    5799 : 49;
    5800 : 49;
    5801 : 8D;
    5802 : 92;
    5803 : 92;
    5804 : 6D;
    5805 : DB;
    5806 : FF;
    5807 : FF;
    5808 : FF;
    5809 : FF;
    5810 : FB;
    5811 : FB;
    5812 : 92;
    5813 : 92;
    5814 : 49;
    5815 : 48;
    5816 : 49;
    5817 : 24;
    5818 : 92;
    5819 : 92;
    5820 : FF;
    5821 : FF;
    5822 : FF;
    5823 : FF;
    5824 : FF;
    5825 : FF;
    5826 : FF;
    5827 : FF;
    5828 : B6;
    5829 : B6;
    5830 : 6D;
    5831 : 49;
    5832 : 49;
    5833 : 6D;
    5834 : B6;
    5835 : B6;
    5836 : FF;
    5837 : FF;
    5838 : FF;
    5839 : FF;
    5840 : FF;
    5841 : FF;
    5842 : FF;
    5843 : FF;
    5844 : DB;
    5845 : 92;
    5846 : D6;
    5847 : 8D;
    5848 : 8D;
    5849 : D6;
    5850 : 92;
    5851 : DB;
    5852 : FF;
    5853 : FF;
    5854 : FF;
    5855 : FF;
    5856 : FF;
    5857 : FF;
    5858 : FF;
    5859 : FF;
    5860 : FF;
    5861 : 92;
    5862 : B6;
    5863 : F2;
    5864 : F2;
    5865 : D6;
    5866 : 92;
    5867 : FF;
    5868 : FF;
    5869 : FF;
    5870 : FF;
    5871 : FF;
    5872 : FF;
    5873 : FF;
    5874 : FF;
    5875 : FF;
    5876 : FF;
    5877 : DB;
    5878 : 92;
    5879 : 71;
    5880 : 6D;
    5881 : 92;
    5882 : DB;
    5883 : FF;
    5884 : FF;
    5885 : FF;
    5886 : FF;
    5887 : FF;
    5888 : FF;
    5889 : FF;
    5890 : FF;
    5891 : FF;
    5892 : FF;
    5893 : FF;
    5894 : FF;
    5895 : FF;
    5896 : FF;
    5897 : FF;
    5898 : FF;
    5899 : FF;
    5900 : FF;
    5901 : FF;
    5902 : FF;
    5903 : FF;
    5904 : FF;
    5905 : FF;
    5906 : FF;
    5907 : FF;
    5908 : FF;
    5909 : FF;
    5910 : FF;
    5911 : FF;
    5912 : FF;
    5913 : FF;
    5914 : FF;
    5915 : FF;
    5916 : FF;
    5917 : FF;
    5918 : FF;
    5919 : FF;
    5920 : FF;
    5921 : FF;
    5922 : FF;
    5923 : FF;
    5924 : FF;
    5925 : FF;
    5926 : FA;
    5927 : D5;
    5928 : D5;
    5929 : FA;
    5930 : FF;
    5931 : FF;
    5932 : FF;
    5933 : FF;
    5934 : FF;
    5935 : FF;
    5936 : FF;
    5937 : FF;
    5938 : FF;
    5939 : FF;
    5940 : FF;
    5941 : FF;
    5942 : D5;
    5943 : D5;
    5944 : D5;
    5945 : D5;
    5946 : FB;
    5947 : FF;
    5948 : FF;
    5949 : FF;
    5950 : FF;
    5951 : FF;
    5952 : FF;
    5953 : FF;
    5954 : FF;
    5955 : FF;
    5956 : FF;
    5957 : F5;
    5958 : F5;
    5959 : F5;
    5960 : F5;
    5961 : F5;
    5962 : D5;
    5963 : FF;
    5964 : FF;
    5965 : FF;
    5966 : FF;
    5967 : FF;
    5968 : FF;
    5969 : FF;
    5970 : FF;
    5971 : FF;
    5972 : D5;
    5973 : 8D;
    5974 : 8D;
    5975 : B1;
    5976 : B1;
    5977 : 8D;
    5978 : 8D;
    5979 : D5;
    5980 : FF;
    5981 : FF;
    5982 : FF;
    5983 : FF;
    5984 : FF;
    5985 : FF;
    5986 : FF;
    5987 : FF;
    5988 : B1;
    5989 : 68;
    5990 : 01;
    5991 : 8D;
    5992 : 6C;
    5993 : 01;
    5994 : 68;
    5995 : B1;
    5996 : FB;
    5997 : FF;
    5998 : FF;
    5999 : FF;
    6000 : FF;
    6001 : FF;
    6002 : FF;
    6003 : FA;
    6004 : D5;
    6005 : 8D;
    6006 : 6D;
    6007 : B1;
    6008 : B1;
    6009 : 6D;
    6010 : 91;
    6011 : D5;
    6012 : D6;
    6013 : FF;
    6014 : FF;
    6015 : FF;
    6016 : FF;
    6017 : FF;
    6018 : FF;
    6019 : D5;
    6020 : D5;
    6021 : F5;
    6022 : F5;
    6023 : D5;
    6024 : D5;
    6025 : F5;
    6026 : F5;
    6027 : D5;
    6028 : D5;
    6029 : FF;
    6030 : FF;
    6031 : FF;
    6032 : FF;
    6033 : FF;
    6034 : FA;
    6035 : D5;
    6036 : D5;
    6037 : D5;
    6038 : D5;
    6039 : F5;
    6040 : F5;
    6041 : B1;
    6042 : 8C;
    6043 : B1;
    6044 : D5;
    6045 : FA;
    6046 : FF;
    6047 : FF;
    6048 : FF;
    6049 : FF;
    6050 : FA;
    6051 : D5;
    6052 : F5;
    6053 : B1;
    6054 : 48;
    6055 : 8D;
    6056 : 8D;
    6057 : 6C;
    6058 : 6C;
    6059 : D5;
    6060 : D5;
    6061 : D6;
    6062 : FF;
    6063 : FF;
    6064 : FF;
    6065 : FF;
    6066 : FF;
    6067 : D5;
    6068 : D5;
    6069 : D5;
    6070 : 8D;
    6071 : B1;
    6072 : B1;
    6073 : F5;
    6074 : D5;
    6075 : D5;
    6076 : D1;
    6077 : FB;
    6078 : FF;
    6079 : FF;
    6080 : FF;
    6081 : FF;
    6082 : FF;
    6083 : FA;
    6084 : D5;
    6085 : D5;
    6086 : F5;
    6087 : D5;
    6088 : D5;
    6089 : D5;
    6090 : D5;
    6091 : D5;
    6092 : FA;
    6093 : FF;
    6094 : FF;
    6095 : FF;
    6096 : FF;
    6097 : FF;
    6098 : FF;
    6099 : FF;
    6100 : FF;
    6101 : FA;
    6102 : FA;
    6103 : FA;
    6104 : FA;
    6105 : FA;
    6106 : FA;
    6107 : FF;
    6108 : FF;
    6109 : FF;
    6110 : FF;
    6111 : FF;
    6112 : FF;
    6113 : FF;
    6114 : FF;
    6115 : FF;
    6116 : FF;
    6117 : FF;
    6118 : FF;
    6119 : FF;
    6120 : FF;
    6121 : FF;
    6122 : FF;
    6123 : FF;
    6124 : FF;
    6125 : FF;
    6126 : FF;
    6127 : FF;
    6128 : FF;
    6129 : FF;
    6130 : FF;
    6131 : FF;
    6132 : FF;
    6133 : FF;
    6134 : FF;
    6135 : FF;
    6136 : FF;
    6137 : FF;
    6138 : FF;
    6139 : FF;
    6140 : FF;
    6141 : FF;
    6142 : FF;
    6143 : FF;
    6144 : DB;
    6145 : FF;
    6146 : FF;
    6147 : FF;
    6148 : DB;
    6149 : 92;
    6150 : 4D;
    6151 : 49;
    6152 : 49;
    6153 : 4D;
    6154 : 92;
    6155 : DB;
    6156 : FF;
    6157 : FF;
    6158 : FF;
    6159 : DB;
    6160 : FF;
    6161 : FF;
    6162 : FF;
    6163 : FF;
    6164 : 92;
    6165 : 92;
    6166 : FF;
    6167 : FF;
    6168 : FF;
    6169 : FF;
    6170 : 92;
    6171 : 92;
    6172 : FF;
    6173 : FF;
    6174 : FF;
    6175 : FF;
    6176 : DB;
    6177 : FF;
    6178 : FF;
    6179 : 92;
    6180 : DB;
    6181 : FF;
    6182 : FF;
    6183 : FF;
    6184 : FF;
    6185 : FF;
    6186 : FF;
    6187 : DB;
    6188 : 92;
    6189 : FF;
    6190 : FF;
    6191 : DB;
    6192 : DB;
    6193 : FF;
    6194 : B6;
    6195 : 92;
    6196 : FF;
    6197 : FF;
    6198 : FF;
    6199 : FF;
    6200 : FF;
    6201 : FF;
    6202 : FF;
    6203 : FF;
    6204 : 92;
    6205 : B6;
    6206 : FF;
    6207 : DB;
    6208 : FF;
    6209 : FF;
    6210 : 6D;
    6211 : FF;
    6212 : FF;
    6213 : FF;
    6214 : FF;
    6215 : FF;
    6216 : FF;
    6217 : FF;
    6218 : FF;
    6219 : FF;
    6220 : FF;
    6221 : 6D;
    6222 : FF;
    6223 : FF;
    6224 : DB;
    6225 : FF;
    6226 : 6D;
    6227 : FF;
    6228 : FF;
    6229 : DB;
    6230 : FF;
    6231 : FF;
    6232 : FF;
    6233 : FF;
    6234 : DB;
    6235 : FF;
    6236 : FF;
    6237 : 6D;
    6238 : FF;
    6239 : DB;
    6240 : FF;
    6241 : DB;
    6242 : 92;
    6243 : DB;
    6244 : 24;
    6245 : 04;
    6246 : 28;
    6247 : FF;
    6248 : FF;
    6249 : 28;
    6250 : 04;
    6251 : 24;
    6252 : DB;
    6253 : 92;
    6254 : DB;
    6255 : FF;
    6256 : FF;
    6257 : 6D;
    6258 : DB;
    6259 : DB;
    6260 : 6D;
    6261 : 20;
    6262 : 92;
    6263 : DB;
    6264 : DB;
    6265 : 92;
    6266 : 20;
    6267 : 6D;
    6268 : DB;
    6269 : DB;
    6270 : 6D;
    6271 : FF;
    6272 : FF;
    6273 : 92;
    6274 : B2;
    6275 : E9;
    6276 : D6;
    6277 : 21;
    6278 : FF;
    6279 : FF;
    6280 : FF;
    6281 : FF;
    6282 : 21;
    6283 : D6;
    6284 : E9;
    6285 : B2;
    6286 : 92;
    6287 : FF;
    6288 : FF;
    6289 : 92;
    6290 : B6;
    6291 : FB;
    6292 : B2;
    6293 : 21;
    6294 : C9;
    6295 : CD;
    6296 : CD;
    6297 : C9;
    6298 : 21;
    6299 : B2;
    6300 : FB;
    6301 : B6;
    6302 : 92;
    6303 : FF;
    6304 : FF;
    6305 : DB;
    6306 : 6D;
    6307 : FF;
    6308 : 6D;
    6309 : 01;
    6310 : 20;
    6311 : 20;
    6312 : 20;
    6313 : 20;
    6314 : 01;
    6315 : 6D;
    6316 : FF;
    6317 : 6D;
    6318 : FB;
    6319 : DB;
    6320 : DB;
    6321 : FF;
    6322 : 92;
    6323 : B6;
    6324 : DB;
    6325 : 01;
    6326 : 01;
    6327 : 01;
    6328 : 01;
    6329 : 01;
    6330 : 01;
    6331 : DB;
    6332 : B6;
    6333 : 92;
    6334 : FF;
    6335 : DB;
    6336 : DB;
    6337 : FF;
    6338 : DB;
    6339 : 6D;
    6340 : FF;
    6341 : B6;
    6342 : 60;
    6343 : 60;
    6344 : 60;
    6345 : 60;
    6346 : B6;
    6347 : FF;
    6348 : 6D;
    6349 : DB;
    6350 : FF;
    6351 : DB;
    6352 : DB;
    6353 : FF;
    6354 : FF;
    6355 : DB;
    6356 : 92;
    6357 : DB;
    6358 : FB;
    6359 : FB;
    6360 : FB;
    6361 : FB;
    6362 : DB;
    6363 : 92;
    6364 : DB;
    6365 : FF;
    6366 : FF;
    6367 : DB;
    6368 : FF;
    6369 : FF;
    6370 : FF;
    6371 : FF;
    6372 : DB;
    6373 : 6D;
    6374 : 92;
    6375 : 92;
    6376 : 92;
    6377 : 92;
    6378 : 6D;
    6379 : DB;
    6380 : FF;
    6381 : FF;
    6382 : FF;
    6383 : FF;
    6384 : DB;
    6385 : FF;
    6386 : FF;
    6387 : FF;
    6388 : FF;
    6389 : FF;
    6390 : B6;
    6391 : 92;
    6392 : 92;
    6393 : B6;
    6394 : FF;
    6395 : FF;
    6396 : FF;
    6397 : FF;
    6398 : FF;
    6399 : DB;
    6400 : 00;
    6401 : 00;
    6402 : 00;
    6403 : 00;
    6404 : 00;
    6405 : 00;
    6406 : 00;
    6407 : 00;
    6408 : 00;
    6409 : 00;
    6410 : 00;
    6411 : 00;
    6412 : 00;
    6413 : 00;
    6414 : 00;
    6415 : 00;
    6416 : 00;
    6417 : 61;
    6418 : 61;
    6419 : 61;
    6420 : 61;
    6421 : 00;
    6422 : 00;
    6423 : 00;
    6424 : 00;
    6425 : 61;
    6426 : 61;
    6427 : 61;
    6428 : 61;
    6429 : 61;
    6430 : 61;
    6431 : 00;
    6432 : 00;
    6433 : 61;
    6434 : FF;
    6435 : FF;
    6436 : FF;
    6437 : 61;
    6438 : 61;
    6439 : 61;
    6440 : 61;
    6441 : E4;
    6442 : E4;
    6443 : E4;
    6444 : FF;
    6445 : FF;
    6446 : 61;
    6447 : 00;
    6448 : 00;
    6449 : 61;
    6450 : FF;
    6451 : FF;
    6452 : FF;
    6453 : 61;
    6454 : FF;
    6455 : FF;
    6456 : FF;
    6457 : E4;
    6458 : E4;
    6459 : E4;
    6460 : E4;
    6461 : FF;
    6462 : 61;
    6463 : 00;
    6464 : 00;
    6465 : 61;
    6466 : 61;
    6467 : FF;
    6468 : FF;
    6469 : 00;
    6470 : FF;
    6471 : FF;
    6472 : FF;
    6473 : FF;
    6474 : 61;
    6475 : E4;
    6476 : E4;
    6477 : E4;
    6478 : 61;
    6479 : 00;
    6480 : 00;
    6481 : 61;
    6482 : FF;
    6483 : FF;
    6484 : FF;
    6485 : FF;
    6486 : FF;
    6487 : FF;
    6488 : FF;
    6489 : FF;
    6490 : FF;
    6491 : E4;
    6492 : E4;
    6493 : E4;
    6494 : 61;
    6495 : 00;
    6496 : 00;
    6497 : 61;
    6498 : 61;
    6499 : 00;
    6500 : 61;
    6501 : FF;
    6502 : FF;
    6503 : FF;
    6504 : FF;
    6505 : FF;
    6506 : FF;
    6507 : 61;
    6508 : 00;
    6509 : 61;
    6510 : 61;
    6511 : 00;
    6512 : 00;
    6513 : 61;
    6514 : ED;
    6515 : ED;
    6516 : 61;
    6517 : FF;
    6518 : FF;
    6519 : 61;
    6520 : FF;
    6521 : 00;
    6522 : FF;
    6523 : 61;
    6524 : ED;
    6525 : ED;
    6526 : 61;
    6527 : 00;
    6528 : 61;
    6529 : FE;
    6530 : ED;
    6531 : ED;
    6532 : FF;
    6533 : FF;
    6534 : FF;
    6535 : 00;
    6536 : FF;
    6537 : FF;
    6538 : FF;
    6539 : 00;
    6540 : ED;
    6541 : ED;
    6542 : FE;
    6543 : 61;
    6544 : 61;
    6545 : 61;
    6546 : FE;
    6547 : FE;
    6548 : FE;
    6549 : FF;
    6550 : FF;
    6551 : FF;
    6552 : FF;
    6553 : FF;
    6554 : FF;
    6555 : FE;
    6556 : FE;
    6557 : FE;
    6558 : 61;
    6559 : 61;
    6560 : 00;
    6561 : 61;
    6562 : FE;
    6563 : FE;
    6564 : FE;
    6565 : BB;
    6566 : BB;
    6567 : BB;
    6568 : BB;
    6569 : BB;
    6570 : BB;
    6571 : FE;
    6572 : FE;
    6573 : FE;
    6574 : 61;
    6575 : 00;
    6576 : 00;
    6577 : 61;
    6578 : FE;
    6579 : FE;
    6580 : FE;
    6581 : BB;
    6582 : BB;
    6583 : BB;
    6584 : BB;
    6585 : BB;
    6586 : BB;
    6587 : FE;
    6588 : FE;
    6589 : FE;
    6590 : 61;
    6591 : 00;
    6592 : 00;
    6593 : 61;
    6594 : BB;
    6595 : BB;
    6596 : BB;
    6597 : BB;
    6598 : BB;
    6599 : BB;
    6600 : BB;
    6601 : BB;
    6602 : BB;
    6603 : BB;
    6604 : BB;
    6605 : BB;
    6606 : 61;
    6607 : 00;
    6608 : 00;
    6609 : 00;
    6610 : 61;
    6611 : BB;
    6612 : BB;
    6613 : BB;
    6614 : BB;
    6615 : 61;
    6616 : 61;
    6617 : BB;
    6618 : BB;
    6619 : BB;
    6620 : BB;
    6621 : 61;
    6622 : 00;
    6623 : 00;
    6624 : 00;
    6625 : 00;
    6626 : 00;
    6627 : 61;
    6628 : 61;
    6629 : 61;
    6630 : 61;
    6631 : 00;
    6632 : 00;
    6633 : 61;
    6634 : 61;
    6635 : 61;
    6636 : 61;
    6637 : 00;
    6638 : 00;
    6639 : 00;
    6640 : 00;
    6641 : 00;
    6642 : 00;
    6643 : 00;
    6644 : 00;
    6645 : 00;
    6646 : 00;
    6647 : 00;
    6648 : 00;
    6649 : 00;
    6650 : 00;
    6651 : 00;
    6652 : 00;
    6653 : 00;
    6654 : 00;
    6655 : 00;
    6656 : 00;
    6657 : 00;
    6658 : 00;
    6659 : 00;
    6660 : 00;
    6661 : 01;
    6662 : 01;
    6663 : 01;
    6664 : 01;
    6665 : 01;
    6666 : 01;
    6667 : 01;
    6668 : 00;
    6669 : 00;
    6670 : 00;
    6671 : 00;
    6672 : 00;
    6673 : 00;
    6674 : 00;
    6675 : 00;
    6676 : 01;
    6677 : 01;
    6678 : E0;
    6679 : E0;
    6680 : E0;
    6681 : E0;
    6682 : E0;
    6683 : 01;
    6684 : 01;
    6685 : 00;
    6686 : 00;
    6687 : 00;
    6688 : 00;
    6689 : 00;
    6690 : 00;
    6691 : 01;
    6692 : 01;
    6693 : E0;
    6694 : E0;
    6695 : E0;
    6696 : E0;
    6697 : E0;
    6698 : E0;
    6699 : E0;
    6700 : 01;
    6701 : 01;
    6702 : 00;
    6703 : 00;
    6704 : 00;
    6705 : 00;
    6706 : 01;
    6707 : 01;
    6708 : E0;
    6709 : E0;
    6710 : E0;
    6711 : E0;
    6712 : E0;
    6713 : E0;
    6714 : E0;
    6715 : E0;
    6716 : E0;
    6717 : 01;
    6718 : 00;
    6719 : 00;
    6720 : 00;
    6721 : 01;
    6722 : 01;
    6723 : 01;
    6724 : E0;
    6725 : E0;
    6726 : E0;
    6727 : E0;
    6728 : E0;
    6729 : FF;
    6730 : FF;
    6731 : FF;
    6732 : FF;
    6733 : 01;
    6734 : 01;
    6735 : 00;
    6736 : 01;
    6737 : 01;
    6738 : A0;
    6739 : 01;
    6740 : A0;
    6741 : E0;
    6742 : E0;
    6743 : E0;
    6744 : 9F;
    6745 : FF;
    6746 : FF;
    6747 : FF;
    6748 : FF;
    6749 : FF;
    6750 : 01;
    6751 : 00;
    6752 : 01;
    6753 : A0;
    6754 : A0;
    6755 : 01;
    6756 : A0;
    6757 : E0;
    6758 : E0;
    6759 : E0;
    6760 : 9F;
    6761 : 9F;
    6762 : FF;
    6763 : FF;
    6764 : FF;
    6765 : FF;
    6766 : 01;
    6767 : 00;
    6768 : 01;
    6769 : A0;
    6770 : 80;
    6771 : 01;
    6772 : A0;
    6773 : A0;
    6774 : E0;
    6775 : E0;
    6776 : E0;
    6777 : 9F;
    6778 : 9F;
    6779 : 9F;
    6780 : 9F;
    6781 : 01;
    6782 : 01;
    6783 : 00;
    6784 : 01;
    6785 : 80;
    6786 : 80;
    6787 : 01;
    6788 : A0;
    6789 : A0;
    6790 : E0;
    6791 : E0;
    6792 : E0;
    6793 : E0;
    6794 : E0;
    6795 : E0;
    6796 : E0;
    6797 : 01;
    6798 : 00;
    6799 : 00;
    6800 : 01;
    6801 : 80;
    6802 : 80;
    6803 : 01;
    6804 : A0;
    6805 : A0;
    6806 : A0;
    6807 : E0;
    6808 : E0;
    6809 : E0;
    6810 : E0;
    6811 : E0;
    6812 : E0;
    6813 : 01;
    6814 : 00;
    6815 : 00;
    6816 : 01;
    6817 : 01;
    6818 : 80;
    6819 : 01;
    6820 : 80;
    6821 : A0;
    6822 : A0;
    6823 : A0;
    6824 : E0;
    6825 : E0;
    6826 : E0;
    6827 : E0;
    6828 : E0;
    6829 : 01;
    6830 : 00;
    6831 : 00;
    6832 : 00;
    6833 : 01;
    6834 : 01;
    6835 : 01;
    6836 : 80;
    6837 : 80;
    6838 : A0;
    6839 : A0;
    6840 : A0;
    6841 : A0;
    6842 : E0;
    6843 : E0;
    6844 : E0;
    6845 : 01;
    6846 : 00;
    6847 : 00;
    6848 : 00;
    6849 : 00;
    6850 : 01;
    6851 : 01;
    6852 : 80;
    6853 : 80;
    6854 : 80;
    6855 : A0;
    6856 : 01;
    6857 : A0;
    6858 : A0;
    6859 : A0;
    6860 : E0;
    6861 : 01;
    6862 : 00;
    6863 : 00;
    6864 : 00;
    6865 : 00;
    6866 : 00;
    6867 : 01;
    6868 : 80;
    6869 : 80;
    6870 : 80;
    6871 : 80;
    6872 : 01;
    6873 : 80;
    6874 : 80;
    6875 : A0;
    6876 : A0;
    6877 : 01;
    6878 : 00;
    6879 : 00;
    6880 : 00;
    6881 : 00;
    6882 : 00;
    6883 : 01;
    6884 : 01;
    6885 : 80;
    6886 : 80;
    6887 : 01;
    6888 : 01;
    6889 : 01;
    6890 : 80;
    6891 : 80;
    6892 : 01;
    6893 : 01;
    6894 : 00;
    6895 : 00;
    6896 : 00;
    6897 : 00;
    6898 : 00;
    6899 : 00;
    6900 : 01;
    6901 : 01;
    6902 : 01;
    6903 : 01;
    6904 : 00;
    6905 : 01;
    6906 : 01;
    6907 : 01;
    6908 : 01;
    6909 : 00;
    6910 : 00;
    6911 : 00;
    6912 : 00;
    6913 : 00;
    6914 : 00;
    6915 : 00;
    6916 : 24;
    6917 : 24;
    6918 : 24;
    6919 : 24;
    6920 : 24;
    6921 : 24;
    6922 : 24;
    6923 : 24;
    6924 : 00;
    6925 : 00;
    6926 : 00;
    6927 : 00;
    6928 : 00;
    6929 : 00;
    6930 : 00;
    6931 : 24;
    6932 : 24;
    6933 : 24;
    6934 : 24;
    6935 : 24;
    6936 : 24;
    6937 : 24;
    6938 : 24;
    6939 : 24;
    6940 : 24;
    6941 : 00;
    6942 : 00;
    6943 : 00;
    6944 : 00;
    6945 : 00;
    6946 : 24;
    6947 : 24;
    6948 : 24;
    6949 : FF;
    6950 : FF;
    6951 : FF;
    6952 : FF;
    6953 : FF;
    6954 : FF;
    6955 : 24;
    6956 : 24;
    6957 : 24;
    6958 : 00;
    6959 : 00;
    6960 : 00;
    6961 : 00;
    6962 : 24;
    6963 : 24;
    6964 : FF;
    6965 : FF;
    6966 : FF;
    6967 : FF;
    6968 : FF;
    6969 : FF;
    6970 : FF;
    6971 : FF;
    6972 : 24;
    6973 : 24;
    6974 : 00;
    6975 : 00;
    6976 : 00;
    6977 : 00;
    6978 : 24;
    6979 : 24;
    6980 : FF;
    6981 : FF;
    6982 : FF;
    6983 : FF;
    6984 : FF;
    6985 : FF;
    6986 : FF;
    6987 : FF;
    6988 : 24;
    6989 : 24;
    6990 : 00;
    6991 : 00;
    6992 : 00;
    6993 : 00;
    6994 : 24;
    6995 : 24;
    6996 : FF;
    6997 : FF;
    6998 : FF;
    6999 : FF;
    7000 : FF;
    7001 : FF;
    7002 : FF;
    7003 : FF;
    7004 : 24;
    7005 : 24;
    7006 : 00;
    7007 : 00;
    7008 : 00;
    7009 : 00;
    7010 : 24;
    7011 : 24;
    7012 : FF;
    7013 : FF;
    7014 : 24;
    7015 : FF;
    7016 : FF;
    7017 : 24;
    7018 : FF;
    7019 : FF;
    7020 : 24;
    7021 : 24;
    7022 : 00;
    7023 : 00;
    7024 : 00;
    7025 : 00;
    7026 : 24;
    7027 : 24;
    7028 : FF;
    7029 : FF;
    7030 : FF;
    7031 : FF;
    7032 : FF;
    7033 : FF;
    7034 : FF;
    7035 : FF;
    7036 : 24;
    7037 : 24;
    7038 : 00;
    7039 : 00;
    7040 : 00;
    7041 : 00;
    7042 : 24;
    7043 : 24;
    7044 : 24;
    7045 : FF;
    7046 : FF;
    7047 : F0;
    7048 : F0;
    7049 : FF;
    7050 : FF;
    7051 : 24;
    7052 : 24;
    7053 : 24;
    7054 : 00;
    7055 : 00;
    7056 : 00;
    7057 : 24;
    7058 : 24;
    7059 : 24;
    7060 : FF;
    7061 : DF;
    7062 : DF;
    7063 : F0;
    7064 : F0;
    7065 : DF;
    7066 : DF;
    7067 : FF;
    7068 : 24;
    7069 : 24;
    7070 : 24;
    7071 : 00;
    7072 : 00;
    7073 : 24;
    7074 : 24;
    7075 : DF;
    7076 : FF;
    7077 : DF;
    7078 : DF;
    7079 : DF;
    7080 : DF;
    7081 : DF;
    7082 : DF;
    7083 : FF;
    7084 : DF;
    7085 : 24;
    7086 : 24;
    7087 : 00;
    7088 : 00;
    7089 : 24;
    7090 : 24;
    7091 : FF;
    7092 : FF;
    7093 : FF;
    7094 : FF;
    7095 : 24;
    7096 : 24;
    7097 : FF;
    7098 : FF;
    7099 : FF;
    7100 : FF;
    7101 : 24;
    7102 : 24;
    7103 : 00;
    7104 : 00;
    7105 : 24;
    7106 : 24;
    7107 : FF;
    7108 : FF;
    7109 : FF;
    7110 : FF;
    7111 : 24;
    7112 : 24;
    7113 : FF;
    7114 : FF;
    7115 : FF;
    7116 : FF;
    7117 : 24;
    7118 : 24;
    7119 : 00;
    7120 : 00;
    7121 : 24;
    7122 : 24;
    7123 : FF;
    7124 : FF;
    7125 : FF;
    7126 : FF;
    7127 : FF;
    7128 : FF;
    7129 : FF;
    7130 : FF;
    7131 : FF;
    7132 : FF;
    7133 : 24;
    7134 : 24;
    7135 : 00;
    7136 : 00;
    7137 : 24;
    7138 : 24;
    7139 : DF;
    7140 : FF;
    7141 : FF;
    7142 : FF;
    7143 : FF;
    7144 : FF;
    7145 : FF;
    7146 : FF;
    7147 : FF;
    7148 : DF;
    7149 : 24;
    7150 : 24;
    7151 : 00;
    7152 : 00;
    7153 : 00;
    7154 : 24;
    7155 : 24;
    7156 : FF;
    7157 : FF;
    7158 : FF;
    7159 : FF;
    7160 : FF;
    7161 : FF;
    7162 : FF;
    7163 : FF;
    7164 : 24;
    7165 : 24;
    7166 : 00;
    7167 : 00;
    7168 : 00;
    7169 : 00;
    7170 : 00;
    7171 : 00;
    7172 : 00;
    7173 : 00;
    7174 : 00;
    7175 : 00;
    7176 : 00;
    7177 : 00;
    7178 : 00;
    7179 : 00;
    7180 : 00;
    7181 : 00;
    7182 : 00;
    7183 : 00;
    7184 : 00;
    7185 : 00;
    7186 : 00;
    7187 : 00;
    7188 : 00;
    7189 : 00;
    7190 : 00;
    7191 : 00;
    7192 : 00;
    7193 : 00;
    7194 : 00;
    7195 : 00;
    7196 : 00;
    7197 : 00;
    7198 : 00;
    7199 : 00;
    7200 : 00;
    7201 : 00;
    7202 : 00;
    7203 : 00;
    7204 : FF;
    7205 : FF;
    7206 : FF;
    7207 : FF;
    7208 : 00;
    7209 : FF;
    7210 : FF;
    7211 : DB;
    7212 : 00;
    7213 : 00;
    7214 : 00;
    7215 : 00;
    7216 : 00;
    7217 : 00;
    7218 : 00;
    7219 : FF;
    7220 : FF;
    7221 : FF;
    7222 : FF;
    7223 : FF;
    7224 : 01;
    7225 : FF;
    7226 : FF;
    7227 : DB;
    7228 : B6;
    7229 : 00;
    7230 : 00;
    7231 : 00;
    7232 : 00;
    7233 : 00;
    7234 : FF;
    7235 : FF;
    7236 : FF;
    7237 : FF;
    7238 : FF;
    7239 : FF;
    7240 : 01;
    7241 : FF;
    7242 : FF;
    7243 : DB;
    7244 : DB;
    7245 : B6;
    7246 : 00;
    7247 : 00;
    7248 : 00;
    7249 : 00;
    7250 : FF;
    7251 : FF;
    7252 : 01;
    7253 : 01;
    7254 : FF;
    7255 : FF;
    7256 : 01;
    7257 : FF;
    7258 : 01;
    7259 : 01;
    7260 : DB;
    7261 : B6;
    7262 : 00;
    7263 : 00;
    7264 : 00;
    7265 : 00;
    7266 : FF;
    7267 : 01;
    7268 : 01;
    7269 : C0;
    7270 : FF;
    7271 : FF;
    7272 : C0;
    7273 : DB;
    7274 : C0;
    7275 : 01;
    7276 : 01;
    7277 : B6;
    7278 : 00;
    7279 : 00;
    7280 : 00;
    7281 : 00;
    7282 : FF;
    7283 : 01;
    7284 : A0;
    7285 : 80;
    7286 : FF;
    7287 : FF;
    7288 : 80;
    7289 : DB;
    7290 : 80;
    7291 : A0;
    7292 : 01;
    7293 : B6;
    7294 : 00;
    7295 : 00;
    7296 : 00;
    7297 : 00;
    7298 : FF;
    7299 : 01;
    7300 : 01;
    7301 : 80;
    7302 : FF;
    7303 : DB;
    7304 : 80;
    7305 : DB;
    7306 : 80;
    7307 : 01;
    7308 : 01;
    7309 : B6;
    7310 : 00;
    7311 : 00;
    7312 : 00;
    7313 : 00;
    7314 : FF;
    7315 : 01;
    7316 : 01;
    7317 : 01;
    7318 : DB;
    7319 : 01;
    7320 : 01;
    7321 : DB;
    7322 : 01;
    7323 : 01;
    7324 : 01;
    7325 : B6;
    7326 : 00;
    7327 : 00;
    7328 : 00;
    7329 : 00;
    7330 : 00;
    7331 : FF;
    7332 : FF;
    7333 : FF;
    7334 : 01;
    7335 : 01;
    7336 : 01;
    7337 : 01;
    7338 : DB;
    7339 : B6;
    7340 : B6;
    7341 : 00;
    7342 : 00;
    7343 : 00;
    7344 : 00;
    7345 : 00;
    7346 : 00;
    7347 : 00;
    7348 : FF;
    7349 : FF;
    7350 : 01;
    7351 : 01;
    7352 : 00;
    7353 : 01;
    7354 : DB;
    7355 : B6;
    7356 : 00;
    7357 : 00;
    7358 : 00;
    7359 : 00;
    7360 : 00;
    7361 : 00;
    7362 : 00;
    7363 : 00;
    7364 : FF;
    7365 : FF;
    7366 : DB;
    7367 : DB;
    7368 : 00;
    7369 : DB;
    7370 : B6;
    7371 : B6;
    7372 : 00;
    7373 : 00;
    7374 : 00;
    7375 : 00;
    7376 : 00;
    7377 : 00;
    7378 : 00;
    7379 : 00;
    7380 : B6;
    7381 : 00;
    7382 : B6;
    7383 : 00;
    7384 : 00;
    7385 : B6;
    7386 : 00;
    7387 : B6;
    7388 : 00;
    7389 : 00;
    7390 : 00;
    7391 : 00;
    7392 : 00;
    7393 : 00;
    7394 : 00;
    7395 : 00;
    7396 : 00;
    7397 : 00;
    7398 : 00;
    7399 : 00;
    7400 : 00;
    7401 : 00;
    7402 : 00;
    7403 : 00;
    7404 : 00;
    7405 : 00;
    7406 : 00;
    7407 : 00;
    7408 : 00;
    7409 : 00;
    7410 : 00;
    7411 : 00;
    7412 : 00;
    7413 : 00;
    7414 : 00;
    7415 : 00;
    7416 : 00;
    7417 : 00;
    7418 : 00;
    7419 : 00;
    7420 : 00;
    7421 : 00;
    7422 : 00;
    7423 : 00;
    7424 : 00;
    7425 : 00;
    7426 : 00;
    7427 : 00;
    7428 : 00;
    7429 : 00;
    7430 : 00;
    7431 : 00;
    7432 : 00;
    7433 : 00;
    7434 : 00;
    7435 : 00;
    7436 : 00;
    7437 : 00;
    7438 : 00;
    7439 : 00;
    7440 : 00;
    7441 : 00;
    7442 : 00;
    7443 : 00;
    7444 : 00;
    7445 : 00;
    7446 : 00;
    7447 : 00;
    7448 : 00;
    7449 : 84;
    7450 : 00;
    7451 : 00;
    7452 : 00;
    7453 : 00;
    7454 : 00;
    7455 : 00;
    7456 : 00;
    7457 : 00;
    7458 : 00;
    7459 : 00;
    7460 : 00;
    7461 : 00;
    7462 : 00;
    7463 : 00;
    7464 : 84;
    7465 : 60;
    7466 : 00;
    7467 : 00;
    7468 : 00;
    7469 : 00;
    7470 : 00;
    7471 : 00;
    7472 : 00;
    7473 : 00;
    7474 : 00;
    7475 : 00;
    7476 : 00;
    7477 : 00;
    7478 : 00;
    7479 : 00;
    7480 : 84;
    7481 : 00;
    7482 : 00;
    7483 : 00;
    7484 : 00;
    7485 : 00;
    7486 : 00;
    7487 : 00;
    7488 : 00;
    7489 : 00;
    7490 : 00;
    7491 : 00;
    7492 : 00;
    7493 : 80;
    7494 : 80;
    7495 : 84;
    7496 : 60;
    7497 : 84;
    7498 : 84;
    7499 : 00;
    7500 : 00;
    7501 : 00;
    7502 : 00;
    7503 : 00;
    7504 : 00;
    7505 : 00;
    7506 : 00;
    7507 : 80;
    7508 : A0;
    7509 : C9;
    7510 : A0;
    7511 : 60;
    7512 : 80;
    7513 : A0;
    7514 : A0;
    7515 : 84;
    7516 : 84;
    7517 : 00;
    7518 : 00;
    7519 : 00;
    7520 : 00;
    7521 : 00;
    7522 : 80;
    7523 : A0;
    7524 : A0;
    7525 : C0;
    7526 : C9;
    7527 : C9;
    7528 : C9;
    7529 : C0;
    7530 : A0;
    7531 : A0;
    7532 : 84;
    7533 : 84;
    7534 : 00;
    7535 : 00;
    7536 : 00;
    7537 : 00;
    7538 : 80;
    7539 : A0;
    7540 : A0;
    7541 : A0;
    7542 : A0;
    7543 : A0;
    7544 : A0;
    7545 : A0;
    7546 : A0;
    7547 : A0;
    7548 : A0;
    7549 : 84;
    7550 : 00;
    7551 : 00;
    7552 : 00;
    7553 : 00;
    7554 : 80;
    7555 : A0;
    7556 : A0;
    7557 : A0;
    7558 : A0;
    7559 : A0;
    7560 : A0;
    7561 : A0;
    7562 : A0;
    7563 : A0;
    7564 : A0;
    7565 : 60;
    7566 : 00;
    7567 : 00;
    7568 : 00;
    7569 : 00;
    7570 : 84;
    7571 : A0;
    7572 : A0;
    7573 : A0;
    7574 : A0;
    7575 : A0;
    7576 : A0;
    7577 : A0;
    7578 : A0;
    7579 : A0;
    7580 : A0;
    7581 : 60;
    7582 : 00;
    7583 : 00;
    7584 : 00;
    7585 : 00;
    7586 : 84;
    7587 : A0;
    7588 : A0;
    7589 : A0;
    7590 : A0;
    7591 : A0;
    7592 : A0;
    7593 : A0;
    7594 : A0;
    7595 : A0;
    7596 : A0;
    7597 : 60;
    7598 : 00;
    7599 : 00;
    7600 : 00;
    7601 : 00;
    7602 : 00;
    7603 : 84;
    7604 : A0;
    7605 : A0;
    7606 : A0;
    7607 : A0;
    7608 : A0;
    7609 : A0;
    7610 : A0;
    7611 : A0;
    7612 : 60;
    7613 : 00;
    7614 : 00;
    7615 : 00;
    7616 : 00;
    7617 : 00;
    7618 : 00;
    7619 : 84;
    7620 : 80;
    7621 : A0;
    7622 : A0;
    7623 : A0;
    7624 : A0;
    7625 : A0;
    7626 : A0;
    7627 : 80;
    7628 : 60;
    7629 : 00;
    7630 : 00;
    7631 : 00;
    7632 : 00;
    7633 : 00;
    7634 : 00;
    7635 : 00;
    7636 : 60;
    7637 : 80;
    7638 : A0;
    7639 : 80;
    7640 : 80;
    7641 : A0;
    7642 : 80;
    7643 : 60;
    7644 : 00;
    7645 : 00;
    7646 : 00;
    7647 : 00;
    7648 : 00;
    7649 : 00;
    7650 : 00;
    7651 : 00;
    7652 : 00;
    7653 : 60;
    7654 : 84;
    7655 : 84;
    7656 : 84;
    7657 : 60;
    7658 : 60;
    7659 : 00;
    7660 : 00;
    7661 : 00;
    7662 : 00;
    7663 : 00;
    7664 : 00;
    7665 : 00;
    7666 : 00;
    7667 : 00;
    7668 : 00;
    7669 : 00;
    7670 : 00;
    7671 : 00;
    7672 : 00;
    7673 : 00;
    7674 : 00;
    7675 : 00;
    7676 : 00;
    7677 : 00;
    7678 : 00;
    7679 : 00;
    7680 : 9D;
    7681 : 9D;
    7682 : 9D;
    7683 : 9D;
    7684 : 9D;
    7685 : 9D;
    7686 : 9D;
    7687 : 9D;
    7688 : 9D;
    7689 : 9D;
    7690 : 9D;
    7691 : 9D;
    7692 : 9D;
    7693 : 9D;
    7694 : 9D;
    7695 : 9D;
    7696 : 9D;
    7697 : 9D;
    7698 : 9D;
    7699 : 9D;
    7700 : 9D;
    7701 : 9D;
    7702 : 99;
    7703 : 99;
    7704 : 99;
    7705 : 99;
    7706 : 9D;
    7707 : 9D;
    7708 : 9D;
    7709 : 9D;
    7710 : 9D;
    7711 : 9D;
    7712 : 9D;
    7713 : 9D;
    7714 : 9D;
    7715 : 9D;
    7716 : 99;
    7717 : 55;
    7718 : 28;
    7719 : 24;
    7720 : 04;
    7721 : 24;
    7722 : 75;
    7723 : 9D;
    7724 : 9D;
    7725 : 9D;
    7726 : 9D;
    7727 : 9D;
    7728 : 9D;
    7729 : 9D;
    7730 : 9D;
    7731 : 99;
    7732 : 55;
    7733 : 28;
    7734 : 72;
    7735 : 92;
    7736 : 4D;
    7737 : 51;
    7738 : 28;
    7739 : 75;
    7740 : 9D;
    7741 : 9D;
    7742 : 9D;
    7743 : 9D;
    7744 : 9D;
    7745 : 9D;
    7746 : 9D;
    7747 : 55;
    7748 : 04;
    7749 : 08;
    7750 : 51;
    7751 : DF;
    7752 : FF;
    7753 : DF;
    7754 : B6;
    7755 : 28;
    7756 : 99;
    7757 : 9D;
    7758 : 9D;
    7759 : 9D;
    7760 : 9D;
    7761 : 9D;
    7762 : 99;
    7763 : 55;
    7764 : 04;
    7765 : 2D;
    7766 : 55;
    7767 : FF;
    7768 : FF;
    7769 : 75;
    7770 : 51;
    7771 : 28;
    7772 : 75;
    7773 : 9D;
    7774 : 9D;
    7775 : 9D;
    7776 : 9D;
    7777 : 9D;
    7778 : 55;
    7779 : 24;
    7780 : 92;
    7781 : B6;
    7782 : DF;
    7783 : FF;
    7784 : FF;
    7785 : 55;
    7786 : 55;
    7787 : BA;
    7788 : 28;
    7789 : 99;
    7790 : 9D;
    7791 : 9D;
    7792 : 9D;
    7793 : 9D;
    7794 : 55;
    7795 : 04;
    7796 : 92;
    7797 : DF;
    7798 : FF;
    7799 : 9A;
    7800 : FF;
    7801 : FF;
    7802 : FF;
    7803 : DF;
    7804 : 24;
    7805 : 99;
    7806 : 9D;
    7807 : 9D;
    7808 : 9D;
    7809 : 99;
    7810 : 50;
    7811 : 04;
    7812 : 2D;
    7813 : 55;
    7814 : FF;
    7815 : FF;
    7816 : FF;
    7817 : FF;
    7818 : FF;
    7819 : DB;
    7820 : 24;
    7821 : 75;
    7822 : 9D;
    7823 : 9D;
    7824 : 99;
    7825 : 55;
    7826 : 04;
    7827 : 01;
    7828 : 01;
    7829 : 2D;
    7830 : DB;
    7831 : FF;
    7832 : DB;
    7833 : 51;
    7834 : 31;
    7835 : 04;
    7836 : 01;
    7837 : 24;
    7838 : 75;
    7839 : 9D;
    7840 : 55;
    7841 : 04;
    7842 : 40;
    7843 : 01;
    7844 : 01;
    7845 : 01;
    7846 : 24;
    7847 : 24;
    7848 : 24;
    7849 : 01;
    7850 : 01;
    7851 : 01;
    7852 : 20;
    7853 : 88;
    7854 : 24;
    7855 : 99;
    7856 : 74;
    7857 : 24;
    7858 : 44;
    7859 : 64;
    7860 : 64;
    7861 : 64;
    7862 : 64;
    7863 : 64;
    7864 : 64;
    7865 : 64;
    7866 : 64;
    7867 : 64;
    7868 : 88;
    7869 : 88;
    7870 : 44;
    7871 : 99;
    7872 : F4;
    7873 : D0;
    7874 : 44;
    7875 : 44;
    7876 : 88;
    7877 : 88;
    7878 : 88;
    7879 : 88;
    7880 : 88;
    7881 : 88;
    7882 : 88;
    7883 : 88;
    7884 : 88;
    7885 : 44;
    7886 : D4;
    7887 : F8;
    7888 : F8;
    7889 : F4;
    7890 : D0;
    7891 : 44;
    7892 : 44;
    7893 : 44;
    7894 : 44;
    7895 : 44;
    7896 : 64;
    7897 : 64;
    7898 : 88;
    7899 : 88;
    7900 : 44;
    7901 : D4;
    7902 : F8;
    7903 : F8;
    7904 : F8;
    7905 : F8;
    7906 : F4;
    7907 : D0;
    7908 : 44;
    7909 : 20;
    7910 : 20;
    7911 : 20;
    7912 : 24;
    7913 : 24;
    7914 : 24;
    7915 : 44;
    7916 : D4;
    7917 : F8;
    7918 : F8;
    7919 : F8;
    7920 : F8;
    7921 : F8;
    7922 : F8;
    7923 : F8;
    7924 : F4;
    7925 : D4;
    7926 : D4;
    7927 : D4;
    7928 : D4;
    7929 : D4;
    7930 : D4;
    7931 : D4;
    7932 : F8;
    7933 : F8;
    7934 : F8;
    7935 : F8;
    7936 : 00;
    7937 : AD;
    7938 : A9;
    7939 : AC;
    7940 : 2D;
    7941 : 0B;
    7942 : AD;
    7943 : AD;
    7944 : AD;
    7945 : AD;
    7946 : AD;
    7947 : AD;
    7948 : AD;
    7949 : AD;
    7950 : AD;
    7951 : 00;
    7952 : 64;
    7953 : 89;
    7954 : E5;
    7955 : F8;
    7956 : 1A;
    7957 : 13;
    7958 : 89;
    7959 : 89;
    7960 : 89;
    7961 : 89;
    7962 : 89;
    7963 : 89;
    7964 : 89;
    7965 : 89;
    7966 : 89;
    7967 : 64;
    7968 : 64;
    7969 : 89;
    7970 : E5;
    7971 : F8;
    7972 : 1A;
    7973 : 13;
    7974 : 89;
    7975 : 89;
    7976 : 89;
    7977 : 89;
    7978 : 89;
    7979 : 89;
    7980 : 89;
    7981 : 89;
    7982 : 89;
    7983 : 64;
    7984 : 64;
    7985 : 89;
    7986 : E5;
    7987 : F8;
    7988 : 1A;
    7989 : 13;
    7990 : 89;
    7991 : 89;
    7992 : 89;
    7993 : 89;
    7994 : 89;
    7995 : 89;
    7996 : 89;
    7997 : 89;
    7998 : 89;
    7999 : 64;
    8000 : 64;
    8001 : 89;
    8002 : E5;
    8003 : F8;
    8004 : 1A;
    8005 : 13;
    8006 : 89;
    8007 : 89;
    8008 : 89;
    8009 : 89;
    8010 : 89;
    8011 : 89;
    8012 : 89;
    8013 : 89;
    8014 : 89;
    8015 : 64;
    8016 : 64;
    8017 : 89;
    8018 : E5;
    8019 : F8;
    8020 : 1A;
    8021 : 13;
    8022 : FF;
    8023 : FF;
    8024 : FF;
    8025 : FF;
    8026 : 89;
    8027 : 89;
    8028 : 89;
    8029 : 89;
    8030 : 89;
    8031 : 64;
    8032 : 8D;
    8033 : FF;
    8034 : FF;
    8035 : FF;
    8036 : FF;
    8037 : FF;
    8038 : FF;
    8039 : 04;
    8040 : 04;
    8041 : FF;
    8042 : FF;
    8043 : FF;
    8044 : FF;
    8045 : FF;
    8046 : FF;
    8047 : 8D;
    8048 : 8D;
    8049 : FF;
    8050 : FF;
    8051 : FF;
    8052 : FF;
    8053 : FF;
    8054 : 04;
    8055 : 04;
    8056 : 04;
    8057 : 04;
    8058 : FF;
    8059 : FF;
    8060 : FF;
    8061 : FF;
    8062 : FF;
    8063 : 8D;
    8064 : 8D;
    8065 : DA;
    8066 : DA;
    8067 : FF;
    8068 : FF;
    8069 : 04;
    8070 : 04;
    8071 : 04;
    8072 : 04;
    8073 : FF;
    8074 : 04;
    8075 : FF;
    8076 : FF;
    8077 : DA;
    8078 : DA;
    8079 : 8D;
    8080 : 8D;
    8081 : DA;
    8082 : DA;
    8083 : DA;
    8084 : 92;
    8085 : 04;
    8086 : 04;
    8087 : 04;
    8088 : 04;
    8089 : 04;
    8090 : 04;
    8091 : 92;
    8092 : DA;
    8093 : DA;
    8094 : DA;
    8095 : 8D;
    8096 : 8D;
    8097 : DA;
    8098 : DA;
    8099 : DA;
    8100 : 92;
    8101 : 92;
    8102 : 04;
    8103 : 04;
    8104 : 04;
    8105 : 04;
    8106 : 92;
    8107 : 92;
    8108 : DA;
    8109 : DA;
    8110 : DA;
    8111 : 8D;
    8112 : 8D;
    8113 : DA;
    8114 : DA;
    8115 : DA;
    8116 : DA;
    8117 : 92;
    8118 : 92;
    8119 : 04;
    8120 : 04;
    8121 : 92;
    8122 : 92;
    8123 : DA;
    8124 : DA;
    8125 : DA;
    8126 : DA;
    8127 : 8D;
    8128 : 8D;
    8129 : DA;
    8130 : DA;
    8131 : DA;
    8132 : DA;
    8133 : DA;
    8134 : 92;
    8135 : 92;
    8136 : 92;
    8137 : 92;
    8138 : DA;
    8139 : DA;
    8140 : DA;
    8141 : DA;
    8142 : DA;
    8143 : 8D;
    8144 : 8D;
    8145 : DA;
    8146 : DA;
    8147 : DA;
    8148 : DA;
    8149 : DA;
    8150 : DA;
    8151 : DA;
    8152 : DA;
    8153 : DA;
    8154 : DA;
    8155 : DA;
    8156 : DA;
    8157 : DA;
    8158 : DA;
    8159 : 8D;
    8160 : 8D;
    8161 : DA;
    8162 : DA;
    8163 : DA;
    8164 : DA;
    8165 : DA;
    8166 : DA;
    8167 : DA;
    8168 : DA;
    8169 : DA;
    8170 : DA;
    8171 : DA;
    8172 : DA;
    8173 : DA;
    8174 : DA;
    8175 : 8D;
    8176 : 00;
    8177 : 8D;
    8178 : 8D;
    8179 : 8D;
    8180 : 8D;
    8181 : 8D;
    8182 : 8D;
    8183 : 8D;
    8184 : 8D;
    8185 : 8D;
    8186 : 8D;
    8187 : 8D;
    8188 : 8D;
    8189 : 8D;
    8190 : 8D;
    8191 : 00;
END;
